Longitude,Latitude,D (m),log(D)
-111.463,31.497,0.00116,-2.9355420107730814
-112.001,32.51,0.00106,-2.9746941347352296
-112.375,32.726,0.00099,-3.00436480540245
-112.058,32.775,0.00087,-3.0604807473813813
-111.741,32.822,0.00094,-3.0268721464003012
-112.751,32.941,0.00101,-2.9956786262173574
-112.434,32.991,0.00081,-3.0915149811213505
-112.116,33.039,0.00077,-3.113509274827518
-111.798,33.087,0.0009,-3.0457574905606752
-113.447,33.103,0.0017,-2.769551078621726
-113.129,33.155,0.00117,-2.9318141382538383
-112.811,33.205,0.00086,-3.065501548756432
-112.493,33.255,0.00076,-3.1191864077192086
-112.174,33.304,0.0008,-3.0969100130080562
-111.855,33.352,0.00095,-3.0222763947111524
-113.509,33.367,0.0015,-2.8239087409443187
-113.191,33.419,0.00106,-2.9746941347352296
-112.872,33.469,0.00085,-3.070581074285707
-112.552,33.519,0.00086,-3.065501548756432
-113.572,33.631,0.00141,-2.85078088734462
-113.253,33.682,0.00107,-2.9706162223147903
-113.956,33.841,0.00198,-2.703334809738469
-113.636,33.894,0.00137,-2.8632794328435933
-114.021,34.104,0.00177,-2.752026733638193
-113.7,34.157,0.00138,-2.8601209135987635
-114.086,34.367,0.00159,-2.7986028756795487
-109.486,34.763,0.00049,-3.309803919971486
-109.864,34.987,0.00038,-3.42021640338319
-109.536,35.028,0.0003,-3.5228787452803374
-109.208,35.069,0.00031,-3.5086383061657274
-108.88,35.108,0.00039,-3.408935392973501
-110.244,35.21,0.00042,-3.3767507096020997
-109.915,35.252,0.00027,-3.5686362358410126
-109.587,35.293,0.00021,-3.677780705266081
-109.258,35.334,0.0002,-3.6989700043360187
-108.929,35.373,0.00025,-3.6020599913279625
-108.599,35.412,0.00036,-3.4436974992327127
-110.297,35.474,0.00035,-3.4559319556497243
-109.968,35.517,0.00022,-3.657577319177794
-109.638,35.558,0.00016,-3.795880017344075
-109.308,35.599,0.00015,-3.8239087409443187
-108.977,35.639,0.00017,-3.769551078621726
-108.647,35.677,0.00024,-3.619788758288394
-110.02,35.781,0.0002,-3.6989700043360187
-109.689,35.823,0.00014,-3.853871964321762
-109.358,35.864,0.00012,-3.9208187539523753
-109.027,35.904,0.00013,-3.886056647693163
-108.695,35.943,0.00017,-3.769551078621726
-109.741,36.088,0.00013,-3.886056647693163
-109.409,36.129,0.0001,-4.0
-109.076,36.169,0.0001,-4.0
-108.743,36.208,0.00013,-3.886056647693163
-109.46,36.393,0.0001,-4.0
-109.126,36.434,9e-05,-4.045757490560675
-108.792,36.473,0.0001,-4.0
-109.176,36.698,8e-05,-4.096910013008056
-108.841,36.738,9e-05,-4.045757490560675
-108.505,36.776,0.00013,-3.886056647693163
-108.89,37.003,9e-05,-4.045757490560675
-108.553,37.041,0.00012,-3.9208187539523753
-110.542,31.338,0.00105,-2.978810700930062
-109.05,31.356,0.00216,-2.665546248849069
-110.333,31.367,0.0012,-2.9208187539523753
-108.841,31.382,0.00198,-2.703334809738469
-110.125,31.396,0.0014,-2.853871964321762
-108.632,31.408,0.00178,-2.749579997691106
-109.917,31.424,0.0016,-2.795880017344075
-111.201,31.426,0.00099,-3.00436480540245
-109.708,31.452,0.0018,-2.744727494896694
-110.993,31.456,0.00107,-2.9706162223147903
-109.499,31.48,0.002,-2.6989700043360187
-110.784,31.486,0.00117,-2.9318141382538383
-109.29,31.507,0.00207,-2.684029654543082
-110.576,31.515,0.00126,-2.899629454882437
-109.081,31.533,0.002,-2.6989700043360187
-110.367,31.545,0.00135,-2.869666231504994
-108.872,31.56,0.00187,-2.728158393463501
-111.445,31.572,0.00121,-2.91721462968355
-110.159,31.573,0.00148,-2.8297382846050425
-108.663,31.586,0.00175,-2.7569619513137056
-109.95,31.602,0.00162,-2.7904849854573692
-111.237,31.603,0.00122,-2.9136401693252516
-109.741,31.63,0.00173,-2.7619538968712045
-111.028,31.633,0.00126,-2.899629454882437
-109.531,31.657,0.00182,-2.7399286120149253
-110.819,31.663,0.00132,-2.87942606879415
-109.322,31.684,0.00188,-2.72584215073632
-111.899,31.686,0.00184,-2.7351821769904636
-110.611,31.693,0.00142,-2.8477116556169437
-109.112,31.711,0.00187,-2.728158393463501
-111.691,31.718,0.00141,-2.85078088734462
-110.401,31.722,0.00149,-2.826813731587726
-108.903,31.737,0.00178,-2.749579997691106
-111.482,31.749,0.00128,-2.8927900303521317
-110.192,31.751,0.00154,-2.812479279163537
-108.693,31.763,0.0017,-2.769551078621726
-109.983,31.779,0.00163,-2.7878123955960423
-111.273,31.78,0.00135,-2.869666231504994
-112.354,31.799,0.00415,-2.381951903287907
-109.773,31.807,0.0017,-2.769551078621726
-111.064,31.81,0.00142,-2.8477116556169437
-112.146,31.831,0.00252,-2.598599459218456
-109.564,31.835,0.00172,-2.7644715530924513
-110.855,31.84,0.00146,-2.835647144215563
-109.354,31.862,0.00174,-2.7594507517174
-111.937,31.863,0.00174,-2.7594507517174
-110.645,31.87,0.0015,-2.8239087409443187
-109.144,31.889,0.00174,-2.7594507517174
-111.728,31.895,0.00142,-2.8477116556169437
-110.436,31.899,0.00156,-2.8068754016455384
-108.934,31.915,0.00171,-2.7670038896078464
-111.518,31.926,0.00132,-2.87942606879415
-110.226,31.928,0.00159,-2.7986028756795487
-108.724,31.941,0.00165,-2.7825160557860937
-112.602,31.942,0.00554,-2.25649023527157
-110.016,31.956,0.00162,-2.7904849854573692
-111.309,31.957,0.00141,-2.85078088734462
-112.393,31.975,0.00334,-2.4762535331884354
-109.806,31.984,0.00168,-2.774690718274137
-111.1,31.987,0.00154,-2.812479279163537
-112.184,32.008,0.00219,-2.6595558851598815
-109.596,32.012,0.0017,-2.769551078621726
-110.89,32.017,0.0016,-2.795880017344075
-109.386,32.039,0.00168,-2.774690718274137
-111.974,32.04,0.00159,-2.7986028756795487
-110.68,32.047,0.00159,-2.7986028756795487
-109.175,32.066,0.00166,-2.779891911959945
-111.765,32.071,0.00135,-2.869666231504994
-110.47,32.076,0.00162,-2.7904849854573692
-112.85,32.085,0.00634,-2.197910742118267
-108.965,32.093,0.00165,-2.7825160557860937
-111.555,32.103,0.00131,-2.8827287043442356
-110.26,32.105,0.00164,-2.785156151952302
-112.641,32.119,0.00397,-2.401209493236885
-108.754,32.119,0.00162,-2.7904849854573692
-111.346,32.134,0.00142,-2.8477116556169437
-110.05,32.134,0.00164,-2.785156151952302
-108.543,32.144,0.00158,-2.8013429130455774
-112.432,32.152,0.00257,-2.5900668766687054
-113.518,32.159,0.01103,-1.9574244875598095
-109.839,32.162,0.00164,-2.785156151952302
-111.136,32.164,0.00157,-2.8041003475907664
-112.222,32.184,0.00181,-2.7423214251308154
-109.629,32.189,0.00166,-2.779891911959945
-113.309,32.194,0.00855,-2.068033885271827
-110.925,32.194,0.00167,-2.7772835288524167
-112.012,32.216,0.00141,-2.85078088734462
-109.418,32.217,0.00166,-2.779891911959945
-110.715,32.224,0.00169,-2.7721132953863266
-113.1,32.228,0.00611,-2.213958789757446
-109.207,32.244,0.00162,-2.7904849854573692
-111.802,32.248,0.00124,-2.906578314837765
-110.505,32.253,0.00168,-2.774690718274137
-112.89,32.262,0.00416,-2.3809066693732572
-113.978,32.265,0.0126,-1.899629454882437
-108.996,32.27,0.00162,-2.7904849854573692
-111.592,32.279,0.00125,-2.9030899869919438
-110.294,32.282,0.0017,-2.769551078621726
-112.68,32.295,0.00285,-2.54515513999149
-108.785,32.296,0.00162,-2.7904849854573692
-113.769,32.3,0.00865,-2.0629838925351858
-111.382,32.31,0.00139,-2.856985199745905
-110.083,32.311,0.0017,-2.769551078621726
-108.574,32.322,0.00159,-2.7986028756795487
-112.471,32.328,0.00197,-2.705533773838407
-113.559,32.335,0.00663,-2.178486471595227
-109.873,32.339,0.00166,-2.779891911959945
-111.172,32.341,0.00157,-2.8041003475907664
-112.261,32.361,0.00146,-2.835647144215563
-109.662,32.367,0.00164,-2.785156151952302
-113.35,32.37,0.00522,-2.282329496997738
-110.961,32.371,0.00168,-2.774690718274137
-112.05,32.393,0.0012,-2.9208187539523753
-109.45,32.394,0.00163,-2.7878123955960423
-110.75,32.401,0.00174,-2.7594507517174
-113.14,32.404,0.00396,-2.402304814074488
-109.239,32.421,0.00161,-2.7931741239681505
-111.84,32.425,0.00111,-2.9546770212133424
-110.539,32.43,0.00175,-2.7569619513137056
-112.93,32.438,0.00285,-2.54515513999149
-114.02,32.441,0.00898,-2.0467236633326955
-109.028,32.448,0.00158,-2.8013429130455774
-111.629,32.456,0.00114,-2.9430951486635273
-110.328,32.459,0.00174,-2.7594507517174
-112.72,32.471,0.00206,-2.6861327796308467
-108.816,32.474,0.00159,-2.7986028756795487
-113.811,32.476,0.00562,-2.250263684430939
-111.419,32.487,0.0013,-2.886056647693163
-110.117,32.488,0.00175,-2.7569619513137056
-108.604,32.5,0.00159,-2.7986028756795487
-112.51,32.504,0.00153,-2.815308569182401
-113.601,32.511,0.00443,-2.3535962737769305
-109.906,32.516,0.00172,-2.7644715530924513
-111.208,32.518,0.00156,-2.8068754016455384
-109.694,32.544,0.00165,-2.7825160557860937
-113.391,32.546,0.00356,-2.4485500020271247
-110.997,32.548,0.0017,-2.769551078621726
-109.483,32.571,0.00163,-2.7878123955960423
-110.786,32.578,0.00183,-2.7375489102695707
-113.181,32.58,0.0028,-2.5528419686577806
-109.271,32.598,0.00162,-2.7904849854573692
-110.574,32.607,0.00188,-2.72584215073632
-112.97,32.614,0.0021,-2.677780705266081
-114.063,32.616,0.00672,-2.1726307269461747
-109.059,32.625,0.00158,-2.8013429130455774
-111.667,32.633,0.00104,-2.9829666607012197
-110.363,32.636,0.00184,-2.7351821769904636
-112.76,32.648,0.00155,-2.8096683018297086
-108.847,32.651,0.00156,-2.8068754016455384
-113.853,32.652,0.00401,-2.396855627379818
-111.456,32.664,0.0012,-2.9208187539523753
-110.151,32.665,0.0018,-2.744727494896694
-108.635,32.677,0.00157,-2.8041003475907664
-113.643,32.687,0.0032,-2.494850021680094
-109.939,32.693,0.00176,-2.75448733218585
-111.244,32.694,0.0015,-2.8239087409443187
-109.727,32.721,0.0017,-2.769551078621726
-113.432,32.722,0.00267,-2.5734887386354246
-111.033,32.725,0.00174,-2.7594507517174
-109.515,32.749,0.00163,-2.7878123955960423
-110.821,32.755,0.0019,-2.721246399047171
-114.316,32.756,0.01387,-1.857923538926715
-113.222,32.756,0.00211,-2.6757175447023074
-109.303,32.776,0.00162,-2.7904849854573692
-110.609,32.784,0.00203,-2.692503962086787
-113.011,32.79,0.00162,-2.7904849854573692
-114.106,32.792,0.00559,-2.252588192113577
-109.091,32.802,0.00161,-2.7931741239681505
-110.397,32.813,0.00203,-2.692503962086787
-112.8,32.824,0.00124,-2.906578314837765
-113.895,32.828,0.00326,-2.486782399932061
-108.878,32.829,0.00158,-2.8013429130455774
-111.493,32.84,0.00114,-2.9430951486635273
-110.185,32.842,0.00192,-2.7166987712964503
-108.666,32.855,0.00156,-2.8068754016455384
-113.685,32.863,0.00255,-2.593459819566045
-109.973,32.87,0.00183,-2.7375489102695707
-111.281,32.871,0.00148,-2.8297382846050425
-113.474,32.898,0.00215,-2.6675615400843946
-109.761,32.898,0.00175,-2.7569619513137056
-111.069,32.901,0.00181,-2.7423214251308154
-109.548,32.926,0.00166,-2.779891911959945
-110.857,32.931,0.00203,-2.692503962086787
-114.36,32.932,0.01284,-1.8914349762671656
-113.263,32.932,0.00171,-2.7670038896078464
-109.335,32.953,0.0016,-2.795880017344075
-110.645,32.961,0.00216,-2.665546248849069
-114.149,32.968,0.00519,-2.284832642151542
-109.123,32.98,0.0016,-2.795880017344075
-110.432,32.99,0.0022,-2.657577319177794
-113.938,33.003,0.00299,-2.5243288116755704
-108.91,33.006,0.0016,-2.795880017344075
-111.53,33.017,0.00113,-2.9469215565165805
-110.22,33.019,0.00209,-2.679853713888946
-108.696,33.032,0.00158,-2.8013429130455774
-113.727,33.039,0.00222,-2.653647025549361
-110.007,33.047,0.00191,-2.7189666327522723
-111.318,33.048,0.00149,-2.826813731587726
-113.515,33.073,0.00184,-2.7351821769904636
-109.794,33.075,0.0018,-2.744727494896694
-111.105,33.078,0.00188,-2.72584215073632
-109.581,33.103,0.00171,-2.7670038896078464
-114.403,33.107,0.01199,-1.9211808169011513
-110.893,33.108,0.0022,-2.657577319177794
-109.368,33.13,0.00162,-2.7904849854573692
-110.68,33.138,0.0026,-2.5850266520291822
-114.192,33.143,0.00637,-2.1958605676646497
-109.154,33.157,0.00179,-2.7471469690201067
-110.467,33.167,0.00259,-2.586700235918748
-113.981,33.179,0.00374,-2.4271283977995197
-108.941,33.183,0.00177,-2.752026733638193
-111.567,33.193,0.0013,-2.886056647693163
-110.254,33.196,0.00245,-2.6108339156354674
-108.727,33.209,0.00179,-2.7471469690201067
-113.769,33.214,0.00221,-2.6556077263148894
-111.355,33.224,0.00171,-2.7670038896078464
-110.041,33.224,0.00224,-2.6497519816658373
-109.828,33.252,0.00205,-2.688246138944246
-111.142,33.255,0.00212,-2.673664139071249
-109.614,33.28,0.00193,-2.714442690992226
-114.447,33.283,0.01159,-1.935916564036404
-110.929,33.285,0.00248,-2.6055483191737836
-109.4,33.307,0.00185,-2.7328282715969863
-110.715,33.314,0.0027,-2.5686362358410126
-114.235,33.319,0.00652,-2.18575240426808
-109.187,33.334,0.00179,-2.7471469690201067
-111.818,33.338,0.00111,-2.9546770212133424
-110.502,33.344,0.00266,-2.575118363368933
-114.024,33.355,0.00366,-2.4365189146055894
-108.973,33.36,0.00177,-2.752026733638193
-111.605,33.37,0.00138,-2.8601209135987635
-110.289,33.373,0.00251,-2.600326278518962
-108.759,33.386,0.00178,-2.749579997691106
-113.811,33.39,0.00209,-2.679853713888946
-111.392,33.401,0.00177,-2.752026733638193
-110.075,33.401,0.00228,-2.642065152999546
-108.544,33.412,0.00183,-2.7375489102695707
-114.703,33.421,0.0247,-1.6073030467403342
-109.861,33.429,0.00206,-2.6861327796308467
-111.178,33.431,0.00212,-2.673664139071249
-109.647,33.457,0.00192,-2.7166987712964503
-114.491,33.458,0.01164,-1.9340470196861304
-110.965,33.461,0.00241,-2.6179829574251317
-112.069,33.483,0.00108,-2.96657624451305
-109.433,33.484,0.00184,-2.7351821769904636
-110.751,33.491,0.0026,-2.5850266520291822
-114.279,33.494,0.00656,-2.1830961606243395
-109.219,33.511,0.00179,-2.7471469690201067
-111.856,33.515,0.00126,-2.899629454882437
-110.537,33.52,0.00259,-2.586700235918748
-114.067,33.53,0.00356,-2.4485500020271247
-109.004,33.538,0.00176,-2.75448733218585
-111.642,33.546,0.00153,-2.815308569182401
-110.323,33.549,0.00242,-2.616184634019569
-108.79,33.564,0.00177,-2.752026733638193
-113.854,33.566,0.00202,-2.694648630553376
-111.429,33.577,0.00183,-2.7375489102695707
-110.109,33.578,0.00223,-2.6516951369518393
-108.575,33.589,0.00184,-2.7351821769904636
-112.535,33.594,0.00101,-2.9956786262173574
-114.748,33.596,0.0233,-1.632644078973981
-109.895,33.606,0.00204,-2.6903698325741012
-111.215,33.608,0.00211,-2.6757175447023074
-112.322,33.627,0.00113,-2.9469215565165805
-114.535,33.633,0.01135,-1.9450041384708585
-109.681,33.634,0.00189,-2.7235381958267557
-111.001,33.638,0.00231,-2.6363880201078556
-112.108,33.659,0.0013,-2.886056647693163
-109.466,33.661,0.0018,-2.744727494896694
-110.787,33.668,0.00243,-2.614393726401688
-114.323,33.67,0.00636,-2.196542884351586
-109.251,33.688,0.00175,-2.7569619513137056
-111.894,33.691,0.00152,-2.8181564120552274
-110.573,33.697,0.00243,-2.614393726401688
-113.002,33.704,0.00094,-3.0268721464003012
-114.11,33.705,0.00345,-2.462180904926726
-109.036,33.715,0.00174,-2.7594507517174
-111.68,33.722,0.00173,-2.7619538968712045
-110.358,33.726,0.00228,-2.642065152999546
-112.788,33.737,0.00108,-2.96657624451305
-108.821,33.741,0.00175,-2.7569619513137056
-111.466,33.753,0.00191,-2.7189666327522723
-110.144,33.755,0.0021,-2.677780705266081
-108.606,33.767,0.00181,-2.7423214251308154
-112.575,33.77,0.00126,-2.899629454882437
-114.793,33.772,0.0206,-1.6861327796308465
-109.929,33.783,0.00195,-2.709965388637482
-111.252,33.784,0.00208,-2.6819366650372385
-112.361,33.803,0.00146,-2.835647144215563
-114.58,33.808,0.01069,-1.971022294791222
-109.714,33.811,0.00183,-2.7375489102695707
-111.038,33.814,0.00221,-2.6556077263148894
-112.147,33.835,0.00166,-2.779891911959945
-109.499,33.838,0.00174,-2.7594507517174
-110.823,33.844,0.00226,-2.6458915608525992
-114.367,33.845,0.00589,-2.2298847052128985
-109.284,33.865,0.0017,-2.769551078621726
-111.933,33.867,0.00181,-2.7423214251308154
-110.608,33.874,0.00224,-2.6497519816658373
-113.043,33.879,0.0011,-2.958607314841775
-114.153,33.881,0.00322,-2.492144128304169
-109.068,33.892,0.00169,-2.7721132953863266
-111.718,33.899,0.00193,-2.714442690992226
-110.393,33.903,0.00214,-2.669586226650809
-112.829,33.913,0.00136,-2.8664610916297826
-108.853,33.918,0.00171,-2.7670038896078464
-111.504,33.93,0.00202,-2.694648630553376
-110.178,33.931,0.00198,-2.703334809738469
-108.637,33.944,0.00177,-2.752026733638193
-112.615,33.946,0.00167,-2.7772835288524167
-114.838,33.947,0.01747,-1.757707095017069
-109.963,33.96,0.00183,-2.7375489102695707
-111.289,33.961,0.0021,-2.677780705266081
-112.401,33.979,0.00196,-2.707743928643524
-114.624,33.984,0.00974,-2.0114410431213843
-109.748,33.988,0.00172,-2.7644715530924513
-111.074,33.991,0.00217,-2.6635402661514704
-112.186,34.011,0.00209,-2.679853713888946
-109.532,34.015,0.00165,-2.7825160557860937
-114.411,34.02,0.00519,-2.284832642151542
-110.859,34.021,0.00217,-2.6635402661514704
-113.298,34.021,0.00112,-2.9507819773298185
-109.316,34.042,0.0016,-2.795880017344075
-111.971,34.043,0.0021,-2.677780705266081
-110.644,34.05,0.0021,-2.677780705266081
-113.084,34.055,0.00133,-2.876148359032914
-114.197,34.056,0.00291,-2.5361070110140926
-109.101,34.069,0.0016,-2.795880017344075
-111.757,34.075,0.00211,-2.6757175447023074
-110.429,34.079,0.00199,-2.701146923590293
-112.87,34.089,0.00176,-2.75448733218585
-108.885,34.095,0.00164,-2.785156151952302
-111.542,34.106,0.00214,-2.669586226650809
-110.213,34.108,0.00185,-2.7328282715969863
-108.668,34.121,0.00171,-2.7670038896078464
-114.883,34.122,0.01494,-1.82564940252062
-112.655,34.122,0.00219,-2.6595558851598815
-109.997,34.136,0.0017,-2.769551078621726
-111.326,34.137,0.00216,-2.665546248849069
-112.44,34.155,0.00241,-2.6179829574251317
-114.669,34.159,0.0083,-2.0809219076239263
-109.781,34.164,0.00158,-2.8013429130455774
-111.111,34.167,0.00218,-2.661543506395395
-112.225,34.187,0.00248,-2.6055483191737836
-109.565,34.192,0.0015,-2.8239087409443187
-114.455,34.195,0.00436,-2.360513510731414
-113.34,34.197,0.00126,-2.899629454882437
-110.895,34.197,0.00216,-2.665546248849069
-109.349,34.219,0.00145,-2.838631997765025
-112.01,34.219,0.00241,-2.6179829574251317
-110.68,34.227,0.00204,-2.6903698325741012
-113.126,34.231,0.00161,-2.7931741239681505
-114.241,34.232,0.00256,-2.5917600346881504
-109.133,34.246,0.00145,-2.838631997765025
-111.795,34.251,0.00231,-2.6363880201078556
-110.464,34.256,0.00188,-2.72584215073632
-112.911,34.265,0.00214,-2.669586226650809
-108.916,34.272,0.0015,-2.8239087409443187
-111.579,34.282,0.00229,-2.640164517660112
-110.248,34.285,0.00171,-2.7670038896078464
-112.696,34.298,0.00261,-2.583359492661719
-108.7,34.298,0.00161,-2.7931741239681505
-111.364,34.313,0.00228,-2.642065152999546
-110.032,34.313,0.00154,-2.812479279163537
-112.48,34.331,0.0028,-2.5528419686577806
-114.714,34.334,0.00687,-2.1630432629404495
-113.597,34.338,0.00128,-2.8927900303521317
-109.815,34.341,0.00138,-2.8601209135987635
-111.148,34.344,0.00224,-2.6497519816658373
-112.265,34.363,0.00277,-2.5575202309355514
-109.599,34.369,0.00127,-2.896196279044043
-114.5,34.37,0.00366,-2.4365189146055894
-113.382,34.372,0.00144,-2.8416375079047502
-110.932,34.374,0.00217,-2.6635402661514704
-112.049,34.395,0.00265,-2.576754126063192
-109.382,34.396,0.00122,-2.9136401693252516
-110.716,34.403,0.00202,-2.694648630553376
-113.167,34.406,0.00186,-2.7304870557820835
-114.285,34.407,0.00232,-2.6345120151091
-109.165,34.423,0.00124,-2.906578314837765
-111.833,34.427,0.00251,-2.600326278518962
-110.499,34.433,0.00179,-2.7471469690201067
-112.952,34.44,0.00233,-2.632644078973981
-108.948,34.449,0.0013,-2.886056647693163
-111.618,34.458,0.00242,-2.616184634019569
-110.283,34.461,0.00155,-2.8096683018297086
-112.736,34.474,0.00276,-2.5590909179347823
-108.731,34.475,0.00142,-2.8477116556169437
-113.855,34.478,0.00142,-2.8477116556169437
-111.401,34.489,0.0024,-2.619788758288394
-110.066,34.49,0.00132,-2.87942606879415
-108.514,34.5,0.00161,-2.7931741239681505
-112.52,34.507,0.00302,-2.5199930570428495
-114.759,34.509,0.00564,-2.248720896016658
-113.64,34.513,0.0014,-2.853871964321762
-109.849,34.518,0.0011,-2.958607314841775
-111.185,34.52,0.00234,-2.630784142589857
-112.305,34.539,0.00297,-2.5272435506827877
-109.632,34.545,0.00093,-3.0315170514460648
-114.545,34.546,0.00318,-2.4975728800155674
-113.425,34.548,0.00161,-2.7931741239681505
-110.969,34.55,0.00218,-2.661543506395395
-112.088,34.571,0.00284,-2.5466816599529625
-109.415,34.573,0.00086,-3.065501548756432
-110.752,34.58,0.00197,-2.705533773838407
-114.329,34.582,0.00223,-2.6516951369518393
-113.209,34.582,0.00199,-2.701146923590293
-109.198,34.599,0.0009,-3.0457574905606752
-111.872,34.603,0.0027,-2.5686362358410126
-110.535,34.609,0.00168,-2.774690718274137
-112.993,34.616,0.00242,-2.616184634019569
-114.114,34.618,0.00173,-2.7619538968712045
-108.981,34.626,0.00102,-2.9913998282380825
-111.656,34.635,0.00256,-2.5917600346881504
-110.318,34.638,0.00136,-2.8664610916297826
-115.02,34.647,0.01013,-1.9943905546397196
-112.777,34.649,0.00277,-2.5575202309355514
-108.763,34.652,0.00117,-2.9318141382538383
-113.899,34.653,0.00152,-2.8181564120552274
-111.439,34.666,0.00247,-2.607303046740334
-110.101,34.666,0.00104,-2.9829666607012197
-108.545,34.678,0.00137,-2.8632794328435933
-112.561,34.682,0.00302,-2.5199930570428495
-114.805,34.684,0.00469,-2.3288271572849166
-113.683,34.689,0.00155,-2.8096683018297086
-109.884,34.694,0.00076,-3.1191864077192086
-111.222,34.696,0.00239,-2.6216020990518625
-112.344,34.715,0.00306,-2.51427857351842
-114.589,34.721,0.00292,-2.5346171485515816
-113.467,34.723,0.00173,-2.7619538968712045
-111.005,34.726,0.00219,-2.6595558851598815
-112.128,34.747,0.00295,-2.530177984021837
-110.788,34.756,0.00188,-2.72584215073632
-114.374,34.757,0.00225,-2.6478174818886377
-113.251,34.758,0.00202,-2.694648630553376
-109.231,34.776,0.00058,-3.2365720064370627
-111.911,34.779,0.00285,-2.54515513999149
-110.571,34.785,0.00151,-2.8210230527068307
-113.035,34.791,0.00239,-2.6216020990518625
-114.158,34.793,0.00187,-2.728158393463501
-109.013,34.803,0.00066,-3.1804560644581312
-111.694,34.811,0.00272,-2.5654310959658013
-110.354,34.814,0.00109,-2.962573502059376
-115.066,34.822,0.0085,-2.070581074285707
-112.818,34.825,0.00273,-2.563837352959244
-113.942,34.829,0.00166,-2.779891911959945
-108.795,34.829,0.00082,-3.0861861476162833
-111.477,34.842,0.00256,-2.5917600346881504
-110.136,34.843,0.00075,-3.1249387366083
-108.577,34.855,0.00105,-2.978810700930062
-112.601,34.858,0.00296,-2.5287082889410613
-114.85,34.859,0.00425,-2.3716110699496884
-113.726,34.864,0.00166,-2.779891911959945
-111.26,34.872,0.00238,-2.623423042943488
-112.384,34.891,0.00312,-2.505845405981557
-114.635,34.896,0.00291,-2.5361070110140926
-113.51,34.899,0.00184,-2.7351821769904636
-111.042,34.903,0.00211,-2.6757175447023074
-112.167,34.923,0.00309,-2.5100415205751654
-114.419,34.932,0.00243,-2.614393726401688
-110.825,34.932,0.00172,-2.7644715530924513
-113.293,34.933,0.00207,-2.684029654543082
-111.95,34.955,0.00298,-2.5257837359237447
-110.607,34.962,0.00126,-2.899629454882437
-113.076,34.967,0.00235,-2.6289321377282637
-114.202,34.968,0.00208,-2.6819366650372385
-111.733,34.987,0.00288,-2.540607512240769
-110.389,34.991,0.00083,-3.0809219076239263
-115.112,34.996,0.00769,-2.114073660198569
-112.859,35.001,0.00266,-2.575118363368933
-113.986,35.004,0.00186,-2.7304870557820835
-108.827,35.006,0.00054,-3.2676062401770314
-111.515,35.018,0.0027,-2.5686362358410126
-108.608,35.031,0.0007,-3.154901959985743
-114.896,35.034,0.00444,-2.3526170298853804
-112.642,35.034,0.00291,-2.5361070110140926
-113.769,35.039,0.00182,-2.7399286120149253
-111.297,35.048,0.0024,-2.619788758288394
-112.425,35.067,0.00312,-2.505845405981557
-114.68,35.071,0.00322,-2.492144128304169
-113.552,35.074,0.00194,-2.712198270069774
-111.08,35.079,0.00201,-2.696803942579511
-112.207,35.099,0.00327,-2.485452247339714
-114.463,35.107,0.00271,-2.567030709125594
-113.335,35.108,0.00213,-2.6716203965612624
-110.861,35.109,0.0015,-2.8239087409443187
-111.989,35.131,0.00325,-2.4881166390211256
-110.643,35.138,0.00102,-2.9913998282380825
-113.118,35.143,0.00235,-2.6289321377282637
-114.247,35.143,0.00237,-2.625251653989896
-111.772,35.163,0.00312,-2.505845405981557
-110.425,35.167,0.00066,-3.1804560644581312
-115.159,35.171,0.0075,-2.1249387366083
-112.901,35.176,0.00264,-2.5783960731301687
-114.03,35.179,0.00215,-2.6675615400843946
-111.554,35.194,0.00289,-2.5391021572434522
-108.64,35.208,0.00048,-3.318758762624413
-114.942,35.208,0.00527,-2.2781893847874533
-112.683,35.21,0.00295,-2.530177984021837
-113.813,35.214,0.00205,-2.688246138944246
-111.335,35.225,0.00248,-2.6055483191737836
-112.465,35.242,0.00321,-2.4934949675951277
-114.726,35.246,0.00389,-2.4100503986742923
-113.595,35.249,0.00209,-2.679853713888946
-111.117,35.255,0.00192,-2.7166987712964503
-112.247,35.275,0.00346,-2.4609239012072233
-114.509,35.282,0.00322,-2.492144128304169
-113.378,35.284,0.00223,-2.6516951369518393
-110.898,35.285,0.00132,-2.87942606879415
-112.029,35.307,0.00362,-2.441291429466834
-110.68,35.314,0.00087,-3.0604807473813813
-113.16,35.318,0.0024,-2.619788758288394
-114.291,35.318,0.00289,-2.5391021572434522
-111.811,35.339,0.0035,-2.4559319556497243
-110.461,35.344,0.00057,-3.2441251443275085
-112.942,35.352,0.00264,-2.5783960731301687
-114.074,35.354,0.00259,-2.586700235918748
-111.592,35.37,0.00321,-2.4934949675951277
-114.989,35.383,0.00658,-2.1817741063860443
-112.724,35.385,0.003,-2.5228787452803374
-113.856,35.39,0.00238,-2.623423042943488
-111.373,35.401,0.0027,-2.5686362358410126
-112.506,35.418,0.0034,-2.468521082957745
-114.771,35.42,0.00506,-2.2958494831602008
-113.639,35.425,0.0023,-2.638272163982407
-111.154,35.431,0.00193,-2.714442690992226
-112.287,35.451,0.00373,-2.4282911681913126
-114.554,35.457,0.00403,-2.3946949538588904
-113.421,35.459,0.00234,-2.630784142589857
-110.935,35.461,0.00127,-2.896196279044043
-110.716,35.491,0.00083,-3.0809219076239263
-114.336,35.493,0.00361,-2.4424927980943423
-113.202,35.493,0.0025,-2.6020599913279625
-110.497,35.52,0.00053,-3.275724130399211
-112.984,35.527,0.00272,-2.5654310959658013
-114.118,35.529,0.00322,-2.492144128304169
-110.277,35.549,0.00035,-3.4559319556497243
-115.035,35.558,0.00859,-2.0660068361687576
-112.765,35.561,0.00305,-2.515700160653214
-113.9,35.565,0.00284,-2.5466816599529625
-112.547,35.594,0.00352,-2.453457336521869
-114.817,35.595,0.00768,-2.114638779968488
-113.682,35.6,0.00263,-2.580044251510242
-111.192,35.607,0.00206,-2.6861327796308467
-112.328,35.626,0.00399,-2.3990271043132516
-114.599,35.632,0.00587,-2.2313618987523856
-113.463,35.635,0.00254,-2.595166283380062
-110.972,35.637,0.00132,-2.87942606879415
-110.753,35.667,0.00084,-3.0757207139381184
-114.381,35.668,0.00473,-2.3251388592621884
-113.245,35.669,0.0026,-2.5850266520291822
-110.533,35.696,0.00053,-3.275724130399211
-113.026,35.703,0.00282,-2.549750891680639
-114.163,35.704,0.00406,-2.3914739664228057
-110.313,35.725,0.00034,-3.4685210829577446
-112.807,35.736,0.00313,-2.5044556624535517
-113.944,35.74,0.00341,-2.4672456210075024
-112.587,35.769,0.00359,-2.444905551421681
-113.726,35.775,0.00301,-2.5214335044061564
-111.23,35.783,0.0022,-2.657577319177794
-112.368,35.802,0.00413,-2.384049948343599
-113.507,35.81,0.00284,-2.5466816599529625
-111.01,35.813,0.00142,-2.8477116556169437
-110.79,35.843,0.00088,-3.0555173278498313
-114.426,35.843,0.0068,-2.167491087293764
-113.287,35.844,0.00278,-2.555955204081924
-110.569,35.872,0.00054,-3.2676062401770314
-113.068,35.878,0.00291,-2.5361070110140926
-114.208,35.879,0.00529,-2.2765443279648143
-110.349,35.901,0.00034,-3.4685210829577446
-112.848,35.912,0.0032,-2.494850021680094
-113.989,35.915,0.00422,-2.374687549038326
-110.128,35.93,0.00023,-3.638272163982407
-112.629,35.945,0.00358,-2.4461169733561254
-113.769,35.95,0.00348,-2.4584207560534193
-111.268,35.959,0.0023,-2.638272163982407
-112.409,35.978,0.0041,-2.3872161432802645
-113.55,35.985,0.00317,-2.4989407377822483
-111.047,35.989,0.00148,-2.8297382846050425
-110.827,36.019,0.00093,-3.0315170514460648
-113.33,36.02,0.00305,-2.515700160653214
-110.606,36.049,0.00056,-3.2518119729937998
-114.253,36.054,0.00695,-2.1580151954098863
-110.385,36.078,0.00035,-3.4559319556497243
-112.89,36.087,0.00333,-2.4775557664936803
-114.033,36.09,0.00528,-2.277366077466188
-110.163,36.106,0.00024,-3.619788758288394
-112.67,36.12,0.00365,-2.4377071355435254
-113.813,36.125,0.00415,-2.381951903287907
-109.942,36.134,0.00017,-3.769551078621726
-111.306,36.135,0.00234,-2.630784142589857
-112.45,36.153,0.00397,-2.401209493236885
-113.593,36.16,0.00362,-2.441291429466834
-109.72,36.162,0.00013,-3.886056647693163
-111.085,36.165,0.00151,-2.8210230527068307
-113.373,36.195,0.00344,-2.46344155742847
-110.864,36.195,0.00096,-3.0177287669604316
-110.642,36.225,0.00059,-3.2291479883578558
-110.421,36.254,0.00037,-3.431798275933005
-112.932,36.263,0.00354,-2.4509967379742124
-114.078,36.265,0.00669,-2.1745738822321767
-110.199,36.283,0.00025,-3.6020599913279625
-112.712,36.296,0.00383,-2.416801226031377
-113.858,36.3,0.00503,-2.2984320149440727
-109.977,36.311,0.00017,-3.769551078621726
-111.345,36.311,0.00236,-2.6270879970298933
-112.491,36.329,0.00406,-2.3914739664228057
-113.637,36.335,0.00425,-2.3716110699496884
-109.755,36.339,0.00013,-3.886056647693163
-111.123,36.341,0.00154,-2.812479279163537
-112.269,36.361,0.00416,-2.3809066693732572
-110.901,36.371,0.00099,-3.00436480540245
-112.048,36.393,0.00409,-2.388276691992658
-110.679,36.401,0.00062,-3.207608310501746
-111.827,36.425,0.00372,-2.4294570601181023
-110.457,36.43,0.0004,-3.3979400086720375
-114.123,36.44,0.00848,-2.0716041477432863
-111.605,36.456,0.00311,-2.5072396109731625
-110.235,36.459,0.00027,-3.5686362358410126
-112.753,36.471,0.00417,-2.3798639450262424
-113.902,36.475,0.00639,-2.1944991418415998
-111.383,36.487,0.00242,-2.616184634019569
-110.013,36.487,0.00019,-3.721246399047171
-112.532,36.504,0.00435,-2.3615107430453626
-113.681,36.511,0.00533,-2.2732727909734276
-109.79,36.515,0.00014,-3.853871964321762
-111.161,36.517,0.00164,-2.785156151952302
-112.31,36.537,0.00432,-2.364516253185088
-109.567,36.542,0.0001,-4.0
-110.939,36.547,0.00108,-2.96657624451305
-112.088,36.569,0.00414,-2.382999658879101
-110.716,36.577,0.00069,-3.161150909262745
-111.866,36.601,0.00373,-2.4282911681913126
-110.494,36.606,0.00045,-3.3467874862246565
-111.644,36.632,0.00312,-2.505845405981557
-110.271,36.635,0.00031,-3.5086383061657274
-113.947,36.65,0.00821,-2.0856568428805593
-111.422,36.663,0.00249,-2.6038006529042637
-110.048,36.663,0.00021,-3.677780705266081
-112.573,36.68,0.00505,-2.2967086218813386
-113.725,36.686,0.00697,-2.1567672219019904
-109.825,36.691,0.00015,-3.8239087409443187
-111.199,36.693,0.00188,-2.72584215073632
-112.351,36.712,0.00486,-2.3133637307377066
-109.602,36.719,0.00011,-3.958607314841775
-110.977,36.723,0.00129,-2.889410289700751
-112.129,36.745,0.00449,-2.3477536589966768
-109.378,36.746,9e-05,-4.045757490560675
-110.754,36.753,0.00082,-3.0861861476162833
-111.906,36.776,0.00403,-2.3946949538588904
-110.53,36.782,0.00054,-3.2676062401770314
-111.684,36.808,0.00341,-2.4672456210075024
-110.307,36.811,0.00037,-3.431798275933005
-111.461,36.839,0.00272,-2.5654310959658013
-110.084,36.84,0.00025,-3.6020599913279625
-109.86,36.868,0.00017,-3.769551078621726
-111.238,36.869,0.00211,-2.6757175447023074
-112.392,36.888,0.00607,-2.2168113089247425
-109.636,36.895,0.00012,-3.9208187539523753
-112.169,36.92,0.00544,-2.26440110030182
-109.412,36.922,0.0001,-4.0
-109.188,36.949,8e-05,-4.096910013008056
-111.946,36.952,0.00472,-2.326058001365912
-111.723,36.984,0.00401,-2.396855627379818
-111.5,37.015,0.00323,-2.490797477668897
-110.12,37.016,0.00031,-3.5086383061657274
-109.896,37.044,0.00021,-3.677780705266081
-111.276,37.045,0.00245,-2.6108339156354674
-109.671,37.072,0.00014,-3.853871964321762
-112.21,37.096,0.00724,-2.140261433802853
-109.447,37.099,0.00011,-3.958607314841775
-109.222,37.126,9e-05,-4.045757490560675
-111.987,37.128,0.00624,-2.204815410317576
-108.997,37.152,8e-05,-4.096910013008056
-111.763,37.159,0.00517,-2.2865094569060576
-108.772,37.178,0.0001,-4.0
-111.539,37.19,0.00411,-2.3861581781239307
-109.931,37.22,0.00026,-3.5850266520291822
-109.706,37.248,0.00017,-3.769551078621726
-109.481,37.275,0.00012,-3.9208187539523753
-109.256,37.302,9e-05,-4.045757490560675
-109.031,37.329,9e-05,-4.045757490560675
-108.805,37.355,0.0001,-4.0
-109.741,37.424,0.00019,-3.721246399047171
-112.975,31.942,0.01205,-1.919012953089113
-113.137,32.034,0.01169,-1.9321854888381598
-113.435,32.104,0.01251,-1.90274269030658
-114.196,32.333,0.01624,-1.7894139750948435
-114.496,32.4,0.03779,-1.4226231080829854
-114.36,32.423,0.02134,-1.6708055849115488
-114.224,32.447,0.01465,-1.8341623753098717
-114.661,32.49,0.04948,-1.305570309042917
-114.524,32.514,0.03179,-1.497709472085227
-114.388,32.538,0.02106,-1.6765416331505323
-114.252,32.561,0.01391,-1.8566728700079536
-114.689,32.604,0.05,-1.3010299956639813
-114.553,32.628,0.03017,-1.5204246898250116
-114.416,32.652,0.02079,-1.6821455106685308
-114.718,32.718,0.04532,-1.3437100988086403
-114.581,32.742,0.02942,-1.5313573316084887
-114.445,32.766,0.02031,-1.6922900765951931
-115.02,32.784,0.17407,-0.7592760706811542
-114.883,32.808,0.08854,-1.052860482357171
-114.747,32.832,0.04305,-1.3660268442103265
-114.61,32.856,0.02884,-1.5400047439526086
-114.473,32.88,0.01958,-1.708187312532881
-115.049,32.898,0.13934,-0.8559241938014496
-114.912,32.922,0.07258,-1.1391830361354622
-114.776,32.946,0.04286,-1.3679478332941901
-114.639,32.97,0.02845,-1.5459177292689101
-114.502,32.994,0.01914,-1.7180580665591751
-115.078,33.012,0.12684,-0.8967437666449489
-114.941,33.036,0.0698,-1.1561445773768388
-114.804,33.06,0.04471,-1.3495953301319683
-114.667,33.084,0.02848,-1.5454600150351812
-115.108,33.126,0.12684,-0.8967437666449489
-114.971,33.15,0.07356,-1.13335827943396
-114.834,33.174,0.04732,-1.3249552640441071
-114.696,33.198,0.03011,-1.5212892444872406
-115.137,33.239,0.13139,-0.8814376873643969
-115.0,33.264,0.07858,-1.1046879755242127
-114.863,33.288,0.05015,-1.2997290626435631
-114.725,33.312,0.02979,-1.5259294967849564
-115.167,33.353,0.13967,-0.8548968668536184
-115.029,33.378,0.08173,-1.0876185010811996
-114.892,33.402,0.05234,-1.2811662816961378
-114.754,33.426,0.0299,-1.5243288116755704
-115.197,33.467,0.14282,-0.84521097126125
-115.059,33.491,0.08168,-1.0878842709211463
-114.921,33.516,0.05029,-1.298518364379073
-114.783,33.54,0.02903,-1.5371529641683264
-115.088,33.605,0.07836,-1.1059055726773013
-114.95,33.63,0.04707,-1.3272558016934008
-115.118,33.719,0.07007,-1.1544678825064245
-114.98,33.743,0.04244,-1.372224624770697
-115.009,33.857,0.03694,-1.4325031088957774
-115.039,33.971,0.03148,-1.501965276312973
-112.059,35.516,0.00407,-2.39040559077478
-111.917,35.537,0.00407,-2.39040559077478
-111.774,35.557,0.00393,-2.4056074496245734
-111.632,35.577,0.00368,-2.4341521813264824
-111.489,35.597,0.0033,-2.4814860601221125
-112.227,35.609,0.00416,-2.3809066693732572
-112.085,35.63,0.0043,-2.3665315444204134
-111.942,35.651,0.00429,-2.3675427078152755
-114.897,35.659,0.0098,-2.0087739243075053
-111.8,35.671,0.00424,-2.3726341434072675
-114.755,35.683,0.00864,-2.063486257521107
-111.657,35.692,0.00394,-2.404503778174426
-111.514,35.712,0.00351,-2.4546928835341757
-112.254,35.723,0.00423,-2.3736596326249577
-111.372,35.732,0.00283,-2.54821356447571
-112.111,35.744,0.00442,-2.354577730650908
-115.069,35.749,0.01212,-1.9164973801697325
-111.968,35.765,0.00449,-2.3477536589966768
-114.927,35.773,0.01215,-1.9154237220656691
-111.825,35.786,0.00446,-2.350665141287858
-114.785,35.797,0.01147,-1.9404365820987324
-111.683,35.806,0.00418,-2.378823718224965
-114.643,35.821,0.00971,-2.0127807700919953
-111.54,35.826,0.0036,-2.4436974992327127
-115.241,35.838,0.01386,-1.858236769724212
-112.28,35.838,0.00427,-2.369572124974976
-114.501,35.845,0.00785,-2.1051303432547477
-111.397,35.846,0.00294,-2.5316526695878427
-112.137,35.859,0.00446,-2.350665141287858
-115.099,35.862,0.01452,-1.838033383635925
-111.994,35.879,0.00464,-2.3334820194451193
-114.957,35.886,0.01599,-1.7961515362537652
-111.851,35.9,0.0045,-2.3467874862246565
-114.815,35.911,0.0148,-1.8297382846050425
-111.708,35.92,0.00424,-2.3726341434072675
-114.673,35.934,0.01194,-1.9229956732066498
-111.565,35.941,0.00365,-2.4377071355435254
-115.272,35.951,0.01591,-1.7983298203534184
-112.306,35.952,0.00423,-2.3736596326249577
-114.531,35.958,0.01003,-1.9986990669795819
-111.422,35.961,0.003,-2.5228787452803374
-112.163,35.973,0.00444,-2.3526170298853804
-115.13,35.976,0.01659,-1.7801536139756393
-111.278,35.98,0.00235,-2.6289321377282637
-114.388,35.982,0.00799,-2.0974532206860084
-112.02,35.994,0.00461,-2.336299074610352
-114.988,36.0,0.01845,-1.7340036295049208
-111.877,36.014,0.00449,-2.3477536589966768
-114.845,36.024,0.0164,-1.785156151952302
-111.733,36.035,0.00412,-2.3851027839668655
-114.703,36.048,0.01377,-1.8610660597430764
-113.218,36.051,0.00306,-2.51427857351842
-111.59,36.055,0.00365,-2.4377071355435254
-114.56,36.072,0.01139,-1.9434762759208997
-111.447,36.075,0.00302,-2.5199930570428495
-112.189,36.087,0.00442,-2.354577730650908
-115.161,36.089,0.0191,-1.7189666327522726
-111.303,36.095,0.00239,-2.6216020990518625
-114.418,36.096,0.00948,-2.0231916626619335
-112.046,36.108,0.00442,-2.354577730650908
-115.018,36.113,0.02015,-1.6957249495228717
-111.902,36.128,0.00432,-2.364516253185088
-114.876,36.138,0.01883,-1.7251496799833352
-111.759,36.149,0.00398,-2.4001169279263124
-114.733,36.162,0.01598,-1.7964232250220273
-113.246,36.165,0.00327,-2.485452247339714
-111.615,36.169,0.00359,-2.444905551421681
-114.59,36.186,0.01308,-1.8833922560117515
-113.103,36.187,0.00335,-2.474955192963155
-111.472,36.189,0.00303,-2.5185573714976948
-112.215,36.201,0.00431,-2.3655227298392685
-115.191,36.203,0.02657,-1.5756084455897226
-114.447,36.209,0.01052,-1.9779842601822797
-112.072,36.222,0.00427,-2.369572124974976
-115.049,36.227,0.02623,-1.5812017094096464
-114.304,36.233,0.00901,-2.045275209020937
-111.928,36.243,0.0041,-2.3872161432802645
-114.906,36.251,0.02316,-1.6352614449446015
-111.785,36.263,0.00386,-2.413412695328245
-114.763,36.275,0.01868,-1.7286231281059254
-113.274,36.278,0.00358,-2.4461169733561254
-111.641,36.283,0.00348,-2.4584207560534193
-114.62,36.299,0.01548,-1.810229043653126
-113.13,36.301,0.00361,-2.4424927980943423
-111.497,36.304,0.00301,-2.5214335044061564
-112.987,36.322,0.00368,-2.4341521813264824
-114.477,36.323,0.01202,-1.9200955323332793
-115.079,36.34,0.02946,-1.530767257493388
-114.334,36.346,0.01008,-1.9965394678904935
-111.954,36.357,0.00397,-2.401209493236885
-114.936,36.365,0.02458,-1.6094181214495646
-113.445,36.37,0.00403,-2.3946949538588904
-111.81,36.377,0.00376,-2.424812155072339
-114.793,36.389,0.02134,-1.6708055849115488
-113.302,36.392,0.00401,-2.396855627379818
-111.666,36.398,0.00339,-2.469800301796918
-114.65,36.413,0.01745,-1.7582045687048014
-113.158,36.415,0.00398,-2.4001169279263124
-114.507,36.436,0.01408,-1.8513973451939065
-113.014,36.436,0.00402,-2.39577394691553
-114.363,36.46,0.01143,-1.9419537696047182
-114.967,36.478,0.0261,-1.583359492661719
-114.22,36.483,0.01015,-1.9935339577507682
-113.473,36.484,0.00465,-2.332547047110046
-114.823,36.502,0.0238,-1.623423042943488
-113.33,36.506,0.0046,-2.337242168318426
-114.68,36.526,0.02013,-1.6961562251113456
-113.186,36.528,0.00458,-2.339134521996131
-114.537,36.55,0.01668,-1.7778039536982801
-113.042,36.55,0.00458,-2.339134521996131
-112.898,36.572,0.00468,-2.329754146925876
-114.393,36.574,0.01358,-1.867100230055517
-112.754,36.594,0.00472,-2.326058001365912
-114.25,36.597,0.01146,-1.940815382368629
-113.502,36.598,0.00551,-2.258848401148215
-113.358,36.62,0.00543,-2.265200170411153
-113.214,36.642,0.00543,-2.265200170411153
-114.567,36.664,0.01993,-1.7004927012995124
-113.07,36.664,0.00547,-2.262012673666569
-112.925,36.686,0.00555,-2.2557070168773237
-114.423,36.687,0.01609,-1.7934439559009705
-113.674,36.689,0.0068,-2.167491087293764
-112.781,36.708,0.00556,-2.2549252084179425
-114.279,36.711,0.01328,-1.8768019249680012
-113.53,36.712,0.00663,-2.178486471595227
-114.135,36.734,0.01137,-1.9442395353122652
-113.386,36.734,0.0066,-2.1804560644581312
-113.242,36.756,0.00664,-2.1778319206319825
-113.991,36.757,0.00998,-2.000869458712629
-114.597,36.777,0.02338,-1.6311554931741787
-113.097,36.778,0.00679,-2.1681302257194983
-113.847,36.78,0.00878,-2.0565054840938974
-112.953,36.8,0.00677,-2.1694113313148558
-114.453,36.801,0.01841,-1.7349462114959853
-113.703,36.803,0.00828,-2.08196966321512
-112.809,36.822,0.00673,-2.171984935776023
-114.309,36.824,0.01518,-1.8187282284405384
-113.559,36.826,0.00803,-2.095284454721319
-112.664,36.843,0.00648,-2.1884249941294067
-114.165,36.848,0.01293,-1.8884014751196059
-113.414,36.848,0.00812,-2.0904439707588245
-113.27,36.87,0.00833,-2.0793549985932125
-114.02,36.871,0.01148,-1.9400581119380453
-113.125,36.892,0.00856,-2.067526235322847
-113.876,36.894,0.01053,-1.9775716288145135
-112.981,36.914,0.00857,-2.067019178076802
-114.483,36.915,0.02122,-1.673254620434678
-110.438,36.917,0.00051,-3.2924298239020637
-113.732,36.917,0.00996,-2.001740661576301
-110.293,36.935,0.0004,-3.3979400086720375
-112.836,36.936,0.00832,-2.079876673709276
-114.338,36.938,0.01713,-1.7662426370344895
-113.587,36.939,0.00982,-2.00788851221305
-111.044,36.954,0.00166,-2.779891911959945
-112.691,36.957,0.00804,-2.094743951251549
-114.194,36.961,0.01471,-1.8323873272724698
-113.443,36.962,0.01004,-1.9982662871909995
-110.898,36.974,0.0013,-2.886056647693163
-112.546,36.979,0.00764,-2.1169066414243103
-113.298,36.984,0.01057,-1.9759250126925738
-114.05,36.985,0.01301,-1.8857227034384136
-110.753,36.993,0.00099,-3.00436480540245
-113.153,37.006,0.01076,-1.9681877286696297
-113.905,37.008,0.01214,-1.9157813132607613
-110.607,37.012,0.00076,-3.1191864077192086
-114.513,37.028,0.02395,-1.620694482249418
-113.008,37.028,0.01089,-1.962972120244225
-113.761,37.03,0.01149,-1.9396799713117148
-110.462,37.031,0.0006,-3.2218487496163566
-110.316,37.05,0.00048,-3.318758762624413
-112.863,37.05,0.01069,-1.971022294791222
-114.368,37.052,0.01942,-1.711750774428014
-113.616,37.053,0.01161,-1.9351677802614262
-110.171,37.068,0.00037,-3.431798275933005
-111.068,37.069,0.00183,-2.7375489102695707
-112.718,37.072,0.01043,-1.981715691573469
-114.224,37.075,0.01661,-1.7796303675486056
-113.471,37.076,0.01223,-1.9125735429637145
-110.923,37.088,0.00143,-2.844663962534938
-112.573,37.093,0.0099,-2.00436480540245
-113.326,37.098,0.01321,-1.8790971823854727
-114.079,37.098,0.01478,-1.830325565941193
-110.777,37.107,0.00112,-2.9507819773298185
-112.428,37.114,0.00904,-2.0438315695246367
-113.181,37.12,0.01393,-1.8560488835760365
-113.934,37.121,0.01343,-1.8719239873312847
-110.632,37.127,0.00091,-3.0409586076789066
-114.543,37.142,0.02665,-1.5743027866374089
-113.036,37.142,0.0141,-1.85078088734462
-113.79,37.144,0.01313,-1.8817352739105206
-110.486,37.145,0.00073,-3.136677139879544
-111.239,37.164,0.00253,-2.596879478824182
-112.891,37.164,0.01409,-1.8510890068906436
-110.34,37.164,0.00057,-3.2441251443275085
-114.398,37.165,0.02174,-1.6627404602497242
-113.645,37.167,0.01363,-1.8655041441653264
-110.194,37.183,0.00044,-3.3565473235138126
-111.093,37.183,0.00203,-2.692503962086787
-112.746,37.186,0.01365,-1.8648673486232252
-114.253,37.189,0.01821,-1.73969005420508
-113.5,37.189,0.0153,-1.8153085691824011
-110.048,37.201,0.00033,-3.4814860601221125
-110.947,37.203,0.00157,-2.8041003475907664
-112.601,37.207,0.01315,-1.8810742471742232
-113.355,37.212,0.01659,-1.7801536139756393
-114.109,37.212,0.01621,-1.790216985151485
-110.802,37.222,0.00127,-2.896196279044043
-112.455,37.228,0.01192,-1.9237237445957824
-113.209,37.234,0.01835,-1.7363639314118917
-113.964,37.235,0.01459,-1.8359447081065483
-110.656,37.241,0.00107,-2.9706162223147903
-112.31,37.249,0.01082,-1.9657727392294493
-113.064,37.256,0.01915,-1.7178312216953584
-113.819,37.258,0.01456,-1.8368386250229816
-111.41,37.258,0.00367,-2.4353339357479107
-110.51,37.26,0.00088,-3.0555173278498313
-112.164,37.27,0.00979,-2.0092173081968623
-111.264,37.278,0.00291,-2.5361070110140926
-112.919,37.278,0.01924,-1.7157949322982058
-110.364,37.279,0.00069,-3.161150909262745
-114.428,37.279,0.02322,-1.634137784597445
-113.673,37.281,0.01573,-1.8032712773767132
-112.019,37.291,0.00886,-2.0525662781129492
-110.218,37.297,0.00051,-3.2924298239020637
-111.118,37.298,0.00226,-2.6458915608525992
-112.773,37.299,0.01858,-1.7309542903423771
-114.283,37.302,0.01977,-1.7039933306863277
-113.528,37.303,0.01803,-1.744004273277598
-111.873,37.312,0.00779,-2.1084625423274357
-110.071,37.316,0.00037,-3.431798275933005
-110.972,37.317,0.00178,-2.749579997691106
-112.628,37.321,0.01752,-1.756465898167938
-114.138,37.326,0.01654,-1.7814644947834721
-113.383,37.326,0.02066,-1.6848696828163983
-111.727,37.332,0.00666,-2.176525770829699
-110.826,37.336,0.00145,-2.838631997765025
-112.482,37.342,0.0163,-1.7878123955960423
-113.238,37.348,0.0233,-1.632644078973981
-113.993,37.349,0.01528,-1.8158766457603288
-111.581,37.352,0.00556,-2.2549252084179425
-110.68,37.355,0.00122,-2.9136401693252516
-112.337,37.363,0.01481,-1.8294449414787914
-113.092,37.37,0.02596,-1.5856953118716683
-113.848,37.372,0.01534,-1.8141746403870378
-111.435,37.372,0.00449,-2.3477536589966768
-110.534,37.374,0.00103,-2.9871627752948275
-112.191,37.384,0.01341,-1.872571222148401
-112.947,37.392,0.02559,-1.5919297141128146
-111.289,37.392,0.00346,-2.4609239012072233
-110.388,37.393,0.0008,-3.0969100130080562
-113.702,37.394,0.0177,-1.7520267336381934
-112.045,37.405,0.01173,-1.9307019878844707
-110.241,37.412,0.00059,-3.2291479883578558
-111.143,37.412,0.00263,-2.580044251510242
-112.801,37.413,0.02555,-1.5926090955292684
-113.557,37.417,0.01985,-1.702239488900866
-111.899,37.426,0.01028,-1.988006885340743
-110.095,37.43,0.00042,-3.3767507096020997
-110.997,37.431,0.00207,-2.684029654543082
-112.655,37.435,0.02359,-1.6272720591144045
-113.411,37.44,0.02371,-1.6250684460218119
-111.753,37.446,0.00864,-2.063486257521107
-110.851,37.451,0.00167,-2.7772835288524167
-115.029,32.766,0.19513,-0.7096759554498928
-115.144,32.828,0.27289,-0.564012378673787
-115.164,32.907,0.22698,-0.6440124083236123
-115.184,32.986,0.20335,-0.6917558232593937
-115.205,33.065,0.19588,-0.7080099046538195
-115.174,32.723,0.58272,-0.234540075885174
-115.188,32.776,0.46438,-0.33312649280227963
-115.202,32.828,0.38113,-0.4189268651305555
-115.215,32.881,0.32445,-0.4888522215052273
-115.318,32.681,5.792,0.7628285531890905
-115.276,32.688,2.231,0.3484995702838377
-115.234,32.696,1.26522,0.10216604841993128
-115.192,32.704,0.78123,-0.10722108772891714
-115.327,32.716,3.478,0.5413295776666937
-115.285,32.723,2.02372,0.30615042374733376
-115.243,32.731,0.98551,-0.006338964562838378
-115.201,32.739,0.64463,-0.19068948701592392
-115.294,32.758,1.35008,0.13035950370178695
-115.252,32.766,0.80595,-0.09369190037562476
-115.21,32.774,0.54838,-0.2609183927738961
-115.261,32.801,0.67281,-0.17210756222717127
-115.27,32.836,0.57131,-0.24312817414212884
