Longitude,Latitude,CSR,State
-107.992,38.26,0.0,Colorado
-107.971,38.145,0.0,Colorado
-107.951,38.03,0.0,Colorado
-107.931,37.915,0.0,Colorado
-107.911,37.8,0.0,Colorado
-107.843,38.276,0.0,Colorado
-107.823,38.161,0.0,Colorado
-107.803,38.046,0.0,Colorado
-107.783,37.931,0.0,Colorado
-107.763,37.816,0.0,Colorado
-107.743,37.701,0.0,Colorado
-107.715,38.406,0.0,Colorado
-107.695,38.291,0.0,Colorado
-107.675,38.176,0.0,Colorado
-107.655,38.061,0.0,Colorado
-107.635,37.947,0.0,Colorado
-107.615,37.832,0.0,Colorado
-107.595,37.717,0.0,Colorado
-107.576,37.602,0.0,Colorado
-107.566,38.422,0.0,Colorado
-107.546,38.307,0.0,Colorado
-107.526,38.192,0.0,Colorado
-107.506,38.077,0.0,Colorado
-107.487,37.962,0.0,Colorado
-107.467,37.847,0.0,Colorado
-107.449,37.502,0.0,Colorado
-107.448,37.732,0.0,Colorado
-107.428,37.617,0.0,Colorado
-107.42,37.325,0.0,Colorado
-107.417,38.437,0.0,Colorado
-107.409,37.502,0.0,Colorado
-107.397,38.322,0.0,Colorado
-107.378,38.207,0.0,Colorado
-107.358,38.092,0.0,Colorado
-107.339,37.977,0.0,Colorado
-107.319,37.862,0.0,Colorado
-107.302,36.617,0.0,Colorado
-107.3,37.747,0.0,Colorado
-107.281,37.632,0.0,Colorado
-107.268,38.452,0.0,Colorado
-107.262,37.517,0.07774295,Colorado
-107.248,38.337,0.0,Colorado
-107.229,38.222,0.0,Colorado
-107.21,38.107,0.0,Colorado
-107.194,37.348,0.082261533,Colorado
-107.191,37.992,0.0,Colorado
-107.171,37.877,0.0,Colorado
-107.165,37.171,0.083565645,Colorado
-107.152,37.762,0.0,Colorado
-107.136,36.994,0.082445945,Colorado
-107.133,37.647,0.07935204,Colorado
-107.118,38.467,0.0,Colorado
-107.107,36.817,0.080571835,Colorado
-107.099,38.352,0.0,Colorado
-107.08,38.237,0.0,Colorado
-107.078,36.64,0.077999755,Colorado
-107.077,37.302,0.087177079,Colorado
-107.061,38.122,0.0,Colorado
-107.058,37.186,0.089038828,Colorado
-107.042,38.007,0.0,Colorado
-107.04,37.071,0.089626661,Colorado
-107.025,37.725,0.08020456,Colorado
-107.023,37.892,0.0,Colorado
-106.996,37.548,0.084187652,Colorado
-106.968,37.371,0.088845591,Colorado
-106.95,38.366,0.0,Colorado
-106.931,38.251,0.0,Colorado
-106.93,37.316,0.090806637,Colorado
-106.913,38.136,0.0,Colorado
-106.912,37.201,0.093836046,Colorado
-106.894,38.021,0.0,Colorado
-106.893,37.086,0.095597721,Colorado
-106.875,36.971,0.096091765,Colorado
-106.856,36.856,0.095884776,Colorado
-106.854,36.662,0.092542066,Colorado
-106.826,37.924,0.08008144,Colorado
-106.801,38.381,0.0,Colorado
-106.798,37.747,0.083391516,Colorado
-106.783,38.266,0.0,Colorado
-106.77,37.57,0.08721772,Colorado
-106.765,37.215,0.095784747,Colorado
-106.764,38.151,0.0,Colorado
-106.747,37.1,0.098014592,Colorado
-106.741,37.393,0.091849426,Colorado
-106.728,36.985,0.099617698,Colorado
-106.713,37.216,0.096258505,Colorado
-106.71,36.87,0.100113025,Colorado
-106.634,38.28,0.0,Colorado
-106.63,36.684,0.10249097,Colorado
-106.626,38.123,0.07886698,Colorado
-106.598,37.946,0.082733271,Colorado
-106.57,37.769,0.086273379,Colorado
-106.543,37.592,0.089401223,Colorado
-106.515,37.415,0.093372709,Colorado
-106.487,37.238,0.096758545,Colorado
-106.46,37.061,0.0996459,Colorado
-106.433,36.883,0.102128095,Colorado
-106.406,36.706,0.105526374,Colorado
-106.398,38.145,0.081230812,Colorado
-106.37,37.968,0.085924594,Colorado
-106.343,37.791,0.088966545,Colorado
-106.316,37.613,0.091591704,Colorado
-106.288,37.436,0.094564124,Colorado
-106.261,37.259,0.097297654,Colorado
-106.235,37.082,0.099666705,Colorado
-106.208,36.905,0.10263453,Colorado
-106.181,36.727,0.106970932,Colorado
-106.155,36.55,0.114522219,Colorado
-106.142,37.989,0.088612182,Colorado
-106.115,37.812,0.092251388,Colorado
-106.088,37.634,0.095057977,Colorado
-106.062,37.457,0.097907242,Colorado
-106.035,37.28,0.099825795,Colorado
-105.931,36.571,0.116380297,Colorado
-101.623,39.875,0.0,Colorado
-101.665,40.321,0.0,Colorado
-101.683,36.811,0.0,Colorado
-101.707,40.766,0.0,Colorado
-101.707,37.078,0.0,Colorado
-101.731,37.346,0.0,Colorado
-101.749,41.211,0.0,Colorado
-101.755,37.613,0.0,Colorado
-101.78,37.88,0.0,Colorado
-102.022,36.792,0.0,Colorado
-102.047,37.059,0.0,Colorado
-102.072,37.326,0.0,Colorado
-102.098,37.593,0.0,Colorado
-102.123,37.86,0.0,Colorado
-102.149,38.127,0.0,Colorado
-102.167,39.398,0.0,Colorado
-102.175,38.394,0.0,Colorado
-102.201,38.661,0.0,Colorado
-102.212,39.843,0.0,Colorado
-102.228,38.928,0.0,Colorado
-102.254,39.194,0.0,Colorado
-102.257,40.288,0.0,Colorado
-102.302,40.733,0.0,Colorado
-102.348,41.178,0.0,Colorado
-102.36,36.772,0.0,Colorado
-102.386,37.039,0.0,Colorado
-102.413,37.306,0.0,Colorado
-102.439,37.573,0.0,Colorado
-102.466,37.839,0.0,Colorado
-102.475,41.33,0.0,Colorado
-102.493,38.106,0.0,Colorado
-102.521,38.373,0.0,Colorado
-102.548,38.64,0.0,Colorado
-102.576,38.907,0.0,Colorado
-102.604,39.174,0.0,Colorado
-102.632,39.44,0.0,Colorado
-102.698,36.751,0.0,Colorado
-102.726,37.018,0.0,Colorado
-102.753,37.284,0.0,Colorado
-102.781,37.551,0.0,Colorado
-102.809,37.818,0.0,Colorado
-102.835,41.309,0.0,Colorado
-102.838,38.085,0.0,Colorado
-102.848,40.252,0.0,Colorado
-102.866,38.351,0.0,Colorado
-102.895,38.618,0.0,Colorado
-102.897,40.697,0.0,Colorado
-102.924,38.885,0.0,Colorado
-102.953,39.152,0.0,Colorado
-102.983,39.418,0.0,Colorado
-103.012,39.685,0.0,Colorado
-103.036,36.729,0.0,Colorado
-103.042,39.952,0.0,Colorado
-103.065,36.995,0.0,Colorado
-103.072,40.219,0.0,Colorado
-103.094,37.262,0.0,Colorado
-103.123,37.529,0.0,Colorado
-103.133,40.752,0.0,Colorado
-103.152,37.796,0.0,Colorado
-103.164,41.019,0.0,Colorado
-103.182,38.062,0.0,Colorado
-103.195,41.286,0.0,Colorado
-103.212,38.329,0.0,Colorado
-103.242,38.596,0.0,Colorado
-103.272,38.862,0.0,Colorado
-103.302,39.129,0.0,Colorado
-103.333,39.395,0.0,Colorado
-103.364,39.662,0.0,Colorado
-103.374,36.705,0.0,Colorado
-103.395,39.929,0.0,Colorado
-103.404,36.972,0.0,Colorado
-103.426,40.196,0.0,Colorado
-103.434,37.239,0.0,Colorado
-103.458,40.462,0.0,Colorado
-103.464,37.505,0.0,Colorado
-103.49,40.729,0.0,Colorado
-103.495,37.772,0.0,Colorado
-103.522,40.996,0.0,Colorado
-103.526,38.039,0.0,Colorado
-103.554,41.263,0.0,Colorado
-103.557,38.305,0.0,Colorado
-103.588,38.572,0.0,Colorado
-103.619,38.838,0.0,Colorado
-103.651,39.105,0.0,Colorado
-103.683,39.372,0.0,Colorado
-103.711,36.681,0.0,Colorado
-103.715,39.638,0.0,Colorado
-103.726,37.11,0.0,Colorado
-103.742,36.948,0.0,Colorado
-103.747,37.288,0.0,Colorado
-103.748,39.905,0.0,Colorado
-103.768,37.466,0.0,Colorado
-103.78,40.171,0.0,Colorado
-103.789,37.643,0.0,Colorado
-103.81,37.821,0.0,Colorado
-103.813,40.438,0.0,Colorado
-103.831,37.999,0.0,Colorado
-103.846,40.705,0.0,Colorado
-103.88,40.971,0.0,Colorado
-103.901,38.281,0.0,Colorado
-103.913,41.238,0.0,Colorado
-103.931,36.916,0.0,Colorado
-103.934,38.547,0.0,Colorado
-103.952,37.093,0.0,Colorado
-103.967,38.814,0.0,Colorado
-103.974,37.271,0.0,Colorado
-103.995,37.449,0.0,Colorado
-104.0,39.08,0.0,Colorado
-104.017,37.627,0.0,Colorado
-104.033,39.347,0.0,Colorado
-104.038,37.804,0.0,Colorado
-104.049,36.656,0.0,Colorado
-104.06,37.982,0.0,Colorado
-104.066,39.613,0.0,Colorado
-104.1,39.88,0.0,Colorado
-104.134,40.146,0.0,Colorado
-104.135,36.721,0.0,Colorado
-104.156,36.899,0.0,Colorado
-104.168,40.413,0.0,Colorado
-104.178,37.076,0.0,Colorado
-104.193,39.048,0.0,Colorado
-104.2,37.254,0.0,Colorado
-104.203,40.679,0.0,Colorado
-104.216,39.225,0.0,Colorado
-104.222,37.432,0.0,Colorado
-104.237,40.946,0.0,Colorado
-104.239,39.403,0.0,Colorado
-104.244,37.609,0.0,Colorado
-104.246,38.255,0.0,Colorado
-104.262,39.58,0.0,Colorado
-104.267,37.787,0.0,Colorado
-104.272,41.213,0.0,Colorado
-104.28,38.522,0.0,Colorado
-104.289,37.965,0.0,Colorado
-104.311,38.142,0.0,Colorado
-104.334,38.32,0.0,Colorado
-104.357,38.497,0.0,Colorado
-104.36,36.704,0.0,Colorado
-104.38,38.675,0.0,Colorado
-104.382,36.881,0.0,Colorado
-104.403,38.852,0.0,Colorado
-104.404,37.059,0.0,Colorado
-104.426,39.03,0.0,Colorado
-104.427,37.237,0.0,Colorado
-104.449,39.208,0.0,Colorado
-104.449,37.414,0.0,Colorado
-104.472,37.592,0.0,Colorado
-104.472,39.385,0.0,Colorado
-104.487,40.12,0.0,Colorado
-104.495,37.769,0.0,Colorado
-104.495,39.563,0.0,Colorado
-104.518,37.947,0.0,Colorado
-104.519,39.74,0.0,Colorado
-104.523,40.386,0.0,Colorado
-104.541,38.125,0.0,Colorado
-104.542,39.918,0.0,Colorado
-104.559,40.653,0.0,Colorado
-104.564,38.302,0.0,Colorado
-104.584,36.686,0.0,Colorado
-104.587,38.48,0.0,Colorado
-104.595,40.919,0.0,Colorado
-104.607,36.864,0.0,Colorado
-104.61,38.657,0.0,Colorado
-104.63,37.041,0.0,Colorado
-104.631,41.186,0.0,Colorado
-104.634,38.835,0.0,Colorado
-104.653,37.219,0.0,Colorado
-104.658,39.012,0.0,Colorado
-104.676,37.396,0.0,Colorado
-104.681,39.19,0.0,Colorado
-104.699,37.574,0.0,Colorado
-104.705,39.367,0.0,Colorado
-104.723,37.751,0.0,Colorado
-104.729,39.545,0.0,Colorado
-104.736,41.339,0.0,Colorado
-104.746,37.929,0.0,Colorado
-104.753,39.722,0.0,Colorado
-104.77,38.106,0.0,Colorado
-104.777,39.9,0.0,Colorado
-104.793,38.284,0.0,Colorado
-104.802,40.077,0.0,Colorado
-104.809,36.668,0.0,Colorado
-104.817,38.461,0.0,Colorado
-104.826,40.255,0.0,Colorado
-104.832,36.845,0.0,Colorado
-104.841,38.639,0.0,Colorado
-104.85,40.433,0.0,Colorado
-104.856,37.023,0.0,Colorado
-104.865,38.816,0.0,Colorado
-104.875,40.61,0.0,Colorado
-104.879,37.2,0.0,Colorado
-104.889,38.994,0.0,Colorado
-104.9,40.788,0.0,Colorado
-104.903,37.378,0.0,Colorado
-104.914,39.171,0.0,Colorado
-104.925,40.965,0.0,Colorado
-104.927,37.555,0.0,Colorado
-104.938,39.349,0.0,Colorado
-104.95,41.143,0.0,Colorado
-104.951,37.733,0.0,Colorado
-104.963,39.526,0.0,Colorado
-104.975,37.91,0.0,Colorado
-104.975,41.321,0.0,Colorado
-104.987,39.704,0.0,Colorado
-104.999,38.088,0.0,Colorado
-105.012,39.881,0.0,Colorado
-105.023,38.265,0.0,Colorado
-105.034,36.649,0.0,Colorado
-105.037,40.059,0.0,Colorado
-105.047,38.443,0.0,Colorado
-105.057,36.827,0.0,Colorado
-105.062,40.236,0.0,Colorado
-105.072,38.62,0.0,Colorado
-105.081,37.004,0.0,Colorado
-105.087,40.414,0.0,Colorado
-105.096,38.798,0.079122796,Colorado
-105.106,37.182,0.0,Colorado
-105.112,40.591,0.0,Colorado
-105.121,38.975,0.080791916,Colorado
-105.13,37.359,0.0,Colorado
-105.138,40.769,0.0,Colorado
-105.146,39.153,0.082120386,Colorado
-105.154,37.537,0.0,Colorado
-105.163,40.947,0.0,Colorado
-105.171,39.33,0.083173259,Colorado
-105.178,37.714,0.0,Colorado
-105.189,41.124,0.0,Colorado
-105.196,39.507,0.082720843,Colorado
-105.203,37.892,0.0,Colorado
-105.214,41.302,0.077872735,Colorado
-105.221,39.685,0.081272725,Colorado
-105.228,38.069,0.0,Colorado
-105.247,39.862,0.080085675,Colorado
-105.252,38.246,0.0,Colorado
-105.258,36.63,0.0,Colorado
-105.263,37.119,0.0,Colorado
-105.272,40.04,0.079041497,Colorado
-105.277,38.424,0.078532944,Colorado
-105.279,37.234,0.0,Colorado
-105.282,36.808,0.0,Colorado
-105.295,37.35,0.0,Colorado
-105.298,40.217,0.078378481,Colorado
-105.302,38.601,0.08232161,Colorado
-105.307,36.985,0.0,Colorado
-105.311,37.465,0.0,Colorado
-105.323,40.395,0.078674251,Colorado
-105.327,37.58,0.0,Colorado
-105.327,38.779,0.084833486,Colorado
-105.343,37.696,0.0,Colorado
-105.349,40.572,0.079776778,Colorado
-105.353,38.956,0.086775713,Colorado
-105.359,37.811,0.0,Colorado
-105.375,40.75,0.08089347,Colorado
-105.375,37.926,0.0,Colorado
-105.378,39.133,0.088025387,Colorado
-105.393,36.991,0.0,Colorado
-105.401,40.927,0.081296614,Colorado
-105.404,39.311,0.089140156,Colorado
-105.409,37.107,0.0,Colorado
-105.426,37.222,0.0,Colorado
-105.427,41.105,0.082947036,Colorado
-105.429,39.488,0.089125123,Colorado
-105.442,37.337,0.0,Colorado
-105.454,41.282,0.084616767,Colorado
-105.455,39.665,0.088531404,Colorado
-105.458,37.452,0.0,Colorado
-105.474,37.568,0.0,Colorado
-105.481,39.843,0.088112248,Colorado
-105.482,38.227,0.0,Colorado
-105.491,37.683,0.0,Colorado
-105.491,36.632,0.0,Colorado
-105.507,40.02,0.087000139,Colorado
-105.507,38.404,0.080310805,Colorado
-105.507,37.798,0.0,Colorado
-105.507,36.748,0.0,Colorado
-105.524,36.863,0.0,Colorado
-105.524,37.914,0.0,Colorado
-105.533,38.582,0.084771035,Colorado
-105.533,40.198,0.086447737,Colorado
-105.54,36.978,0.0,Colorado
-105.54,38.029,0.0,Colorado
-105.556,37.094,0.0,Colorado
-105.557,38.144,0.0,Colorado
-105.558,38.759,0.087480468,Colorado
-105.559,40.375,0.087122565,Colorado
-105.573,37.209,0.0,Colorado
-105.573,38.259,0.0,Colorado
-105.584,38.936,0.08988495,Colorado
-105.586,40.553,0.087582937,Colorado
-105.589,37.324,0.0,Colorado
-105.606,37.44,0.0,Colorado
-105.612,40.73,0.086984722,Colorado
-105.622,37.555,0.0,Colorado
-105.637,36.62,0.0,Colorado
-105.639,37.67,0.0,Colorado
-105.639,40.908,0.087132443,Colorado
-105.653,36.735,0.0,Colorado
-105.655,37.785,0.0,Colorado
-105.657,38.836,0.08980022,Colorado
-105.666,41.085,0.088513457,Colorado
-105.67,36.85,0.0,Colorado
-105.672,37.901,0.0,Colorado
-105.674,38.951,0.091157363,Colorado
-105.686,36.966,0.0,Colorado
-105.689,38.016,0.0,Colorado
-105.691,39.066,0.092497189,Colorado
-105.693,41.263,0.089133606,Colorado
-105.703,37.081,0.0,Colorado
-105.706,38.131,0.0,Colorado
-105.708,39.182,0.093138456,Colorado
-105.72,41.44,0.090563902,Colorado
-105.722,38.246,0.0,Colorado
-105.725,39.297,0.094185909,Colorado
-105.736,37.311,0.0,Colorado
-105.739,38.362,0.077686149,Colorado
-105.743,39.412,0.09454496,Colorado
-105.753,37.427,0.0,Colorado
-105.756,38.477,0.081957186,Colorado
-105.758,36.946,0.0,Colorado
-105.76,39.527,0.095424406,Colorado
-105.769,40.178,0.093080639,Colorado
-105.77,37.542,0.0,Colorado
-105.773,38.592,0.08531394,Colorado
-105.777,39.643,0.094772016,Colorado
-105.783,36.607,0.0,Colorado
-105.783,37.123,0.0,Colorado
-105.787,37.657,0.0,Colorado
-105.79,38.707,0.088496676,Colorado
-105.794,39.758,0.094530966,Colorado
-105.795,40.355,0.092760032,Colorado
-105.803,37.772,0.0,Colorado
-105.808,38.823,0.09084031,Colorado
-105.809,37.3,0.0,Colorado
-105.812,39.873,0.093803978,Colorado
-105.82,37.888,0.0,Colorado
-105.822,40.533,0.093239416,Colorado
-105.825,38.938,0.093014598,Colorado
-105.829,39.988,0.094269634,Colorado
-105.837,38.003,0.0,Colorado
-105.842,39.053,0.094322088,Colorado
-105.847,40.104,0.094006107,Colorado
-105.85,40.71,0.093460699,Colorado
-105.854,38.118,0.0,Colorado
-105.859,39.168,0.095512334,Colorado
-105.864,40.219,0.09501103,Colorado
-105.871,38.233,0.0,Colorado
-105.877,39.284,0.096538814,Colorado
-105.877,40.887,0.093240146,Colorado
-105.889,38.349,0.0,Colorado
-105.894,39.399,0.097576521,Colorado
-105.904,41.065,0.092669509,Colorado
-105.906,38.464,0.080395614,Colorado
-105.911,39.514,0.097723428,Colorado
-105.923,38.579,0.084889264,Colorado
-105.929,39.629,0.098037045,Colorado
-105.932,41.242,0.09337489,Colorado
-105.94,38.694,0.088914775,Colorado
-105.947,39.745,0.097034874,Colorado
-105.957,36.748,0.0,Colorado
-105.958,38.809,0.091883192,Colorado
-105.959,41.42,0.094852419,Colorado
-105.964,39.86,0.09710024,Colorado
-105.969,37.874,0.0,Colorado
-105.975,38.925,0.094132021,Colorado
-105.982,39.975,0.096966391,Colorado
-105.983,36.925,0.0,Colorado
-105.986,37.99,0.0,Colorado
-105.993,39.04,0.096070491,Colorado
-106.0,40.09,0.098259696,Colorado
-106.003,38.105,0.0,Colorado
-106.009,37.103,0.0,Colorado
-106.01,39.155,0.098157281,Colorado
-106.017,40.206,0.099309981,Colorado
-106.02,38.22,0.0,Colorado
-106.028,39.27,0.099339146,Colorado
-106.035,40.321,0.100335203,Colorado
-106.038,38.335,0.0,Colorado
-106.045,39.385,0.099422113,Colorado
-106.053,40.436,0.10121146,Colorado
-106.055,38.45,0.07835316,Colorado
-106.063,39.501,0.099128948,Colorado
-106.071,40.551,0.100637656,Colorado
-106.073,38.566,0.084201781,Colorado
-106.081,39.616,0.09958668,Colorado
-106.089,40.667,0.100902677,Colorado
-106.09,38.681,0.088957409,Colorado
-106.099,39.731,0.100065287,Colorado
-106.107,40.782,0.100538981,Colorado
-106.108,38.796,0.093615729,Colorado
-106.116,39.846,0.100927374,Colorado
-106.125,40.897,0.099705533,Colorado
-106.125,38.911,0.096141074,Colorado
-106.134,39.962,0.100936713,Colorado
-106.143,39.026,0.099482474,Colorado
-106.144,41.013,0.098970038,Colorado
-106.152,40.077,0.10191575,Colorado
-106.161,39.142,0.100536282,Colorado
-106.162,41.128,0.098866426,Colorado
-106.169,38.206,0.0,Colorado
-106.17,40.192,0.103901688,Colorado
-106.179,39.257,0.101862787,Colorado
-106.18,41.243,0.098464523,Colorado
-106.187,38.322,0.0,Colorado
-106.188,40.307,0.106963359,Colorado
-106.197,39.372,0.102591583,Colorado
-106.198,41.358,0.099330374,Colorado
-106.204,38.437,0.0,Colorado
-106.207,40.423,0.108717441,Colorado
-106.215,39.487,0.103244631,Colorado
-106.222,38.552,0.083454281,Colorado
-106.225,40.538,0.109163109,Colorado
-106.232,39.602,0.102640287,Colorado
-106.24,38.667,0.089626148,Colorado
-106.243,40.653,0.108950872,Colorado
-106.251,39.718,0.103140864,Colorado
-106.258,38.782,0.094774957,Colorado
-106.261,40.768,0.107708079,Colorado
-106.269,39.833,0.104118966,Colorado
-106.276,38.898,0.098197322,Colorado
-106.28,40.884,0.105190426,Colorado
-106.287,39.948,0.10572604,Colorado
-106.294,39.013,0.101470317,Colorado
-106.298,40.999,0.10360951,Colorado
-106.305,40.063,0.10764126,Colorado
-106.312,39.128,0.103206491,Colorado
-106.317,41.114,0.102986365,Colorado
-106.323,40.178,0.111327444,Colorado
-106.33,39.243,0.105344571,Colorado
-106.335,41.229,0.102833959,Colorado
-106.336,38.308,0.0,Colorado
-106.342,40.294,0.116166227,Colorado
-106.348,39.358,0.106468198,Colorado
-106.354,38.423,0.0,Colorado
-106.354,41.345,0.102510002,Colorado
-106.36,40.409,0.1195582,Colorado
-106.366,39.473,0.107364676,Colorado
-106.372,38.538,0.083497481,Colorado
-106.378,40.524,0.121399929,Colorado
-106.384,39.589,0.107027013,Colorado
-106.39,38.653,0.090951683,Colorado
-106.397,40.639,0.120295077,Colorado
-106.402,39.704,0.107337041,Colorado
-106.408,38.769,0.096355506,Colorado
-106.416,40.754,0.117030376,Colorado
-106.421,39.819,0.107372559,Colorado
-106.426,38.884,0.101377897,Colorado
-106.434,40.87,0.113023511,Colorado
-106.439,39.934,0.109872841,Colorado
-106.444,38.999,0.105194826,Colorado
-106.453,40.985,0.109059099,Colorado
-106.458,40.049,0.114430545,Colorado
-106.462,39.114,0.108593155,Colorado
-106.472,41.1,0.10676039,Colorado
-106.476,40.164,0.122065941,Colorado
-106.481,39.229,0.110878007,Colorado
-106.485,38.294,0.0,Colorado
-106.49,41.216,0.106210981,Colorado
-106.495,40.28,0.132687411,Colorado
-106.499,39.344,0.113441417,Colorado
-106.503,38.409,0.0,Colorado
-106.509,41.331,0.106208511,Colorado
-106.513,40.395,0.14289933,Colorado
-106.517,39.459,0.112942598,Colorado
-106.521,38.524,0.084889521,Colorado
-106.528,41.446,0.10694589,Colorado
-106.532,40.51,0.143208287,Colorado
-106.536,39.575,0.113306787,Colorado
-106.539,38.639,0.092546714,Colorado
-106.551,40.625,0.137082265,Colorado
-106.554,39.69,0.111780399,Colorado
-106.558,38.755,0.098765279,Colorado
-106.57,40.74,0.127694638,Colorado
-106.573,39.805,0.111971611,Colorado
-106.576,38.87,0.104832395,Colorado
-106.589,40.856,0.121588609,Colorado
-106.592,39.92,0.115033805,Colorado
-106.594,38.985,0.110579862,Colorado
-106.607,40.971,0.115059497,Colorado
-106.61,40.035,0.121582278,Colorado
-106.613,39.1,0.117558652,Colorado
-106.626,41.086,0.112271074,Colorado
-106.629,40.15,0.134031298,Colorado
-106.631,39.215,0.121403103,Colorado
-106.646,41.201,0.109695749,Colorado
-106.648,40.266,0.157398952,Colorado
-106.65,39.33,0.122059001,Colorado
-106.652,38.395,0.079447755,Colorado
-106.665,41.317,0.110367681,Colorado
-106.667,40.381,0.180512935,Colorado
-106.669,39.445,0.121280835,Colorado
-106.671,38.51,0.087347505,Colorado
-106.684,41.432,0.11082054,Colorado
-106.686,40.496,0.179172764,Colorado
-106.687,39.56,0.119255289,Colorado
-106.689,38.625,0.094920524,Colorado
-106.705,40.611,0.162153458,Colorado
-106.706,39.676,0.117655814,Colorado
-106.708,38.74,0.102573582,Colorado
-106.724,40.726,0.139861115,Colorado
-106.725,39.791,0.117282815,Colorado
-106.726,38.856,0.109961387,Colorado
-106.743,40.841,0.12863155,Colorado
-106.744,39.906,0.119722892,Colorado
-106.745,38.971,0.119717615,Colorado
-106.762,40.957,0.11992277,Colorado
-106.763,40.021,0.128749938,Colorado
-106.763,39.086,0.1275473,Colorado
-106.768,40.401,0.20327062,Colorado
-106.781,41.072,0.114887389,Colorado
-106.782,40.136,0.147905411,Colorado
-106.782,39.201,0.136613888,Colorado
-106.801,41.187,0.113450113,Colorado
-106.801,40.251,0.176648652,Colorado
-106.801,39.316,0.138892247,Colorado
-106.82,38.496,0.090910012,Colorado
-106.82,39.431,0.13502037,Colorado
-106.82,41.302,0.113057314,Colorado
-106.839,38.611,0.09864912,Colorado
-106.839,39.546,0.129625514,Colorado
-106.839,41.418,0.114431359,Colorado
-106.857,38.726,0.107966255,Colorado
-106.858,39.661,0.124329428,Colorado
-106.858,40.597,0.178983539,Colorado
-106.861,40.311,0.20265705,Colorado
-106.874,40.391,0.227427285,Colorado
-106.876,38.841,0.116504064,Colorado
-106.877,39.776,0.121417102,Colorado
-106.878,40.712,0.151200513,Colorado
-106.888,40.471,0.22138758,Colorado
-106.895,38.956,0.128787396,Colorado
-106.896,39.891,0.122934044,Colorado
-106.897,40.827,0.132899273,Colorado
-106.914,39.071,0.14222005,Colorado
-106.915,40.007,0.131374164,Colorado
-106.916,40.942,0.12431085,Colorado
-106.933,39.186,0.160103889,Colorado
-106.934,40.122,0.148631275,Colorado
-106.936,41.057,0.118313153,Colorado
-106.952,39.301,0.162984968,Colorado
-106.954,40.237,0.188069368,Colorado
-106.956,41.173,0.117695326,Colorado
-106.967,40.301,0.202469093,Colorado
-106.969,38.481,0.095064355,Colorado
-106.971,39.417,0.158089373,Colorado
-106.975,41.288,0.115980972,Colorado
-106.981,40.381,0.223318216,Colorado
-106.988,38.597,0.103048361,Colorado
-106.99,39.532,0.142728019,Colorado
-106.994,40.461,0.218592813,Colorado
-106.995,41.403,0.117425532,Colorado
-107.007,38.712,0.111282519,Colorado
-107.01,39.647,0.133459579,Colorado
-107.012,40.582,0.179637072,Colorado
-107.026,38.827,0.121296524,Colorado
-107.029,39.762,0.125971034,Colorado
-107.032,40.697,0.149846317,Colorado
-107.045,38.942,0.137344079,Colorado
-107.048,39.877,0.124304688,Colorado
-107.051,40.813,0.133649031,Colorado
-107.064,39.057,0.158888907,Colorado
-107.068,39.992,0.127934592,Colorado
-107.071,40.928,0.125221825,Colorado
-107.084,39.172,0.181479221,Colorado
-107.087,40.107,0.140951223,Colorado
-107.091,41.043,0.120618871,Colorado
-107.103,39.287,0.195251728,Colorado
-107.107,40.222,0.162046228,Colorado
-107.11,41.158,0.118369228,Colorado
-107.122,39.402,0.17678619,Colorado
-107.126,40.337,0.179737147,Colorado
-107.13,41.273,0.117056544,Colorado
-107.138,38.582,0.106482431,Colorado
-107.142,39.517,0.157638437,Colorado
-107.146,40.452,0.177944322,Colorado
-107.15,41.388,0.117948761,Colorado
-107.157,38.697,0.11360917,Colorado
-107.161,39.632,0.139373568,Colorado
-107.166,40.567,0.160676971,Colorado
-107.176,38.812,0.124898946,Colorado
-107.181,39.747,0.130242609,Colorado
-107.185,40.683,0.14020654,Colorado
-107.195,38.927,0.140526867,Colorado
-107.2,39.862,0.125096273,Colorado
-107.205,40.798,0.130360705,Colorado
-107.213,39.225,0.202431749,Colorado
-107.215,39.042,0.166610153,Colorado
-107.22,39.977,0.123720189,Colorado
-107.225,40.913,0.123135724,Colorado
-107.226,39.304,0.201399622,Colorado
-107.234,39.157,0.190231317,Colorado
-107.24,40.092,0.129098092,Colorado
-107.245,41.028,0.119949916,Colorado
-107.259,40.207,0.136860063,Colorado
-107.265,41.143,0.11695134,Colorado
-107.273,39.387,0.18989952,Colorado
-107.279,40.322,0.143308828,Colorado
-107.285,41.258,0.117450152,Colorado
-107.287,38.567,0.108902486,Colorado
-107.293,39.502,0.162447338,Colorado
-107.299,40.438,0.145370573,Colorado
-107.306,41.373,0.117808484,Colorado
-107.306,38.682,0.115048711,Colorado
-107.313,39.617,0.141079455,Colorado
-107.319,40.553,0.138463315,Colorado
-107.326,38.797,0.123919272,Colorado
-107.331,36.794,0.0,Colorado
-107.332,39.732,0.129983074,Colorado
-107.339,40.668,0.130280715,Colorado
-107.345,38.912,0.138215362,Colorado
-107.352,39.847,0.122186615,Colorado
-107.359,40.783,0.123241277,Colorado
-107.361,36.971,0.0,Colorado
-107.365,39.027,0.158377538,Colorado
-107.372,39.962,0.12015474,Colorado
-107.38,40.898,0.11886017,Colorado
-107.385,39.142,0.179220534,Colorado
-107.39,37.148,0.0,Colorado
-107.392,40.077,0.121428349,Colorado
-107.4,41.013,0.116659237,Colorado
-107.405,39.257,0.184488907,Colorado
-107.412,40.192,0.123759449,Colorado
-107.42,41.128,0.115149857,Colorado
-107.424,39.372,0.170277596,Colorado
-107.432,40.307,0.125940877,Colorado
-107.436,38.552,0.110546145,Colorado
-107.44,41.243,0.116294196,Colorado
-107.444,39.487,0.149779877,Colorado
-107.452,40.422,0.12578417,Colorado
-107.456,38.667,0.115136308,Colorado
-107.461,41.358,0.1171687,Colorado
-107.464,39.602,0.133708611,Colorado
-107.473,40.537,0.122907571,Colorado
-107.476,38.782,0.120724514,Colorado
-107.484,39.717,0.124309183,Colorado
-107.493,40.653,0.120440546,Colorado
-107.495,38.897,0.130409538,Colorado
-107.504,39.832,0.118992975,Colorado
-107.513,40.768,0.117020989,Colorado
-107.515,39.012,0.140302417,Colorado
-107.524,39.947,0.116261803,Colorado
-107.526,36.594,0.0,Colorado
-107.534,40.883,0.11594739,Colorado
-107.535,39.127,0.151105973,Colorado
-107.545,40.062,0.115831481,Colorado
-107.554,40.998,0.113949772,Colorado
-107.555,39.242,0.153427508,Colorado
-107.556,36.771,0.0,Colorado
-107.565,40.177,0.117176926,Colorado
-107.575,41.113,0.114660859,Colorado
-107.575,39.357,0.14657823,Colorado
-107.585,40.292,0.117135423,Colorado
-107.585,36.948,0.0,Colorado
-107.585,38.537,0.111397351,Colorado
-107.595,41.228,0.114598627,Colorado
-107.595,39.472,0.135369664,Colorado
-107.605,38.652,0.113291136,Colorado
-107.606,40.407,0.117010783,Colorado
-107.615,37.125,0.0,Colorado
-107.616,39.587,0.125746852,Colorado
-107.616,41.343,0.116380539,Colorado
-107.625,38.767,0.116361238,Colorado
-107.626,40.522,0.11610257,Colorado
-107.636,39.702,0.118147575,Colorado
-107.645,38.882,0.12008065,Colorado
-107.646,37.302,0.0,Colorado
-107.647,40.637,0.114739859,Colorado
-107.656,39.817,0.114902867,Colorado
-107.666,38.997,0.123184297,Colorado
-107.667,40.752,0.112387148,Colorado
-107.676,37.479,0.0,Colorado
-107.677,39.932,0.11261398,Colorado
-107.686,39.111,0.129154438,Colorado
-107.688,40.867,0.112048488,Colorado
-107.697,40.047,0.111742865,Colorado
-107.706,39.226,0.129000429,Colorado
-107.709,40.982,0.111895091,Colorado
-107.718,40.162,0.112210869,Colorado
-107.726,39.341,0.126727881,Colorado
-107.729,41.097,0.112007018,Colorado
-107.735,38.521,0.110339959,Colorado
-107.738,40.277,0.1124055,Colorado
-107.747,39.456,0.121413904,Colorado
-107.749,36.57,0.0,Colorado
-107.75,41.213,0.113294466,Colorado
-107.755,38.636,0.109122444,Colorado
-107.759,40.392,0.111219789,Colorado
-107.767,39.571,0.117792735,Colorado
-107.771,41.328,0.114980781,Colorado
-107.775,38.751,0.109411947,Colorado
-107.779,40.507,0.111188616,Colorado
-107.78,36.747,0.0,Colorado
-107.787,39.686,0.113894412,Colorado
-107.792,41.443,0.117331017,Colorado
-107.795,38.866,0.110110522,Colorado
-107.8,40.622,0.111008415,Colorado
-107.808,39.801,0.112135452,Colorado
-107.81,36.924,0.0,Colorado
-107.816,38.981,0.111017521,Colorado
-107.821,40.737,0.110664848,Colorado
-107.829,39.916,0.110468524,Colorado
-107.836,39.096,0.113066234,Colorado
-107.841,37.101,0.0,Colorado
-107.842,40.852,0.109980809,Colorado
-107.849,40.031,0.109695597,Colorado
-107.857,39.211,0.114035312,Colorado
-107.863,40.967,0.110511529,Colorado
-107.864,38.391,0.106649864,Colorado
-107.87,40.146,0.10878891,Colorado
-107.871,37.278,0.0,Colorado
-107.877,39.326,0.112880184,Colorado
-107.884,38.506,0.105882095,Colorado
-107.884,41.082,0.11088383,Colorado
-107.891,40.261,0.108776567,Colorado
-107.898,39.441,0.112109313,Colorado
-107.902,37.455,0.0,Colorado
-107.904,38.621,0.103798273,Colorado
-107.905,41.197,0.113044934,Colorado
-107.912,40.376,0.109387075,Colorado
-107.918,39.556,0.110425303,Colorado
-107.925,38.736,0.102562629,Colorado
-107.926,41.312,0.11416858,Colorado
-107.933,40.491,0.10900028,Colorado
-107.933,37.631,0.0,Colorado
-107.939,39.671,0.109463418,Colorado
-107.945,38.85,0.102198045,Colorado
-107.948,41.427,0.116664175,Colorado
-107.954,40.606,0.108918077,Colorado
-107.96,39.786,0.107734138,Colorado
-107.964,37.808,0.080502663,Colorado
-107.966,38.965,0.103343697,Colorado
-107.975,40.721,0.109130506,Colorado
-107.981,39.901,0.108048554,Colorado
-107.986,39.08,0.103492941,Colorado
-107.996,40.836,0.108803199,Colorado
-108.002,40.015,0.107623899,Colorado
-108.004,36.723,0.0,Colorado
-108.007,39.195,0.10535343,Colorado
-108.012,38.375,0.100455181,Colorado
-108.017,40.951,0.109901531,Colorado
-108.023,40.13,0.107486135,Colorado
-108.028,39.31,0.105435523,Colorado
-108.033,38.49,0.099170122,Colorado
-108.034,36.9,0.0,Colorado
-108.038,41.066,0.110262021,Colorado
-108.044,40.245,0.108194135,Colorado
-108.049,39.425,0.105554033,Colorado
-108.054,38.605,0.097169771,Colorado
-108.06,41.181,0.11197356,Colorado
-108.065,40.36,0.107987554,Colorado
-108.066,37.077,0.0,Colorado
-108.07,39.54,0.104797214,Colorado
-108.074,38.72,0.095883973,Colorado
-108.081,41.296,0.114101631,Colorado
-108.086,40.475,0.107531634,Colorado
-108.09,39.655,0.105682761,Colorado
-108.097,37.254,0.0,Colorado
-108.099,38.014,0.088831888,Colorado
-108.103,41.411,0.117160885,Colorado
-108.107,40.59,0.107899649,Colorado
-108.111,39.77,0.105177343,Colorado
-108.12,38.129,0.092485015,Colorado
-108.122,38.692,0.094088075,Colorado
-108.128,37.43,0.0,Colorado
-108.129,40.705,0.107643317,Colorado
-108.133,39.885,0.106577326,Colorado
-108.14,38.244,0.09364396,Colorado
-108.15,40.82,0.108701613,Colorado
-108.154,40.0,0.106304143,Colorado
-108.154,38.869,0.093401041,Colorado
-108.157,39.179,0.098777213,Colorado
-108.16,37.607,0.0,Colorado
-108.161,38.359,0.093656654,Colorado
-108.171,40.935,0.10908687,Colorado
-108.175,40.114,0.107483155,Colorado
-108.178,39.294,0.100110213,Colorado
-108.182,38.474,0.092221178,Colorado
-108.186,39.046,0.095127425,Colorado
-108.191,37.784,0.0,Colorado
-108.193,41.05,0.110082941,Colorado
-108.196,40.229,0.10719903,Colorado
-108.2,39.409,0.101582232,Colorado
-108.215,41.165,0.110888597,Colorado
-108.218,40.344,0.107906555,Colorado
-108.218,39.222,0.097283245,Colorado
-108.221,39.524,0.101712079,Colorado
-108.223,37.961,0.081200777,Colorado
-108.236,41.28,0.114322069,Colorado
-108.239,40.459,0.1074734,Colorado
-108.242,39.639,0.10277188,Colorado
-108.255,38.137,0.086004769,Colorado
-108.258,41.395,0.116881829,Colorado
-108.259,36.875,0.0,Colorado
-108.261,40.574,0.108540944,Colorado
-108.263,39.754,0.103586474,Colorado
-108.282,40.689,0.107493314,Colorado
-108.284,39.869,0.104428236,Colorado
-108.287,38.314,0.087333424,Colorado
-108.29,37.052,0.0,Colorado
-108.304,40.804,0.108322155,Colorado
-108.306,39.983,0.105705928,Colorado
-108.319,38.491,0.086456997,Colorado
-108.322,37.229,0.0,Colorado
-108.326,40.919,0.108791433,Colorado
-108.327,40.098,0.106565977,Colorado
-108.347,41.034,0.109967791,Colorado
-108.349,40.213,0.107530827,Colorado
-108.352,38.667,0.085555352,Colorado
-108.354,37.406,0.0,Colorado
-108.369,41.149,0.110591752,Colorado
-108.37,40.328,0.108187505,Colorado
-108.372,39.508,0.099420284,Colorado
-108.384,38.844,0.085505247,Colorado
-108.386,37.582,0.0,Colorado
-108.391,41.264,0.113921445,Colorado
-108.392,40.443,0.107897539,Colorado
-108.393,39.623,0.101150087,Colorado
-108.413,41.379,0.1178697,Colorado
-108.414,40.558,0.107907963,Colorado
-108.415,39.737,0.102283281,Colorado
-108.417,39.021,0.087188908,Colorado
-108.418,37.759,0.0,Colorado
-108.436,40.673,0.108534768,Colorado
-108.436,39.852,0.103541096,Colorado
-108.45,39.197,0.090864469,Colorado
-108.451,37.936,0.0,Colorado
-108.458,40.788,0.107228239,Colorado
-108.458,39.967,0.105461834,Colorado
-108.48,40.903,0.108188519,Colorado
-108.48,40.082,0.105989557,Colorado
-108.483,39.374,0.095152221,Colorado
-108.483,38.112,0.0,Colorado
-108.501,40.197,0.107572885,Colorado
-108.502,41.018,0.108856433,Colorado
-108.505,36.776,0.0,Colorado
-108.516,38.289,0.0,Colorado
-108.523,40.312,0.108125823,Colorado
-108.524,41.133,0.111219795,Colorado
-108.544,39.606,0.099620061,Colorado
-108.545,40.427,0.109075841,Colorado
-108.546,41.247,0.113478858,Colorado
-108.547,37.204,0.0,Colorado
-108.548,38.466,0.078197993,Colorado
-108.553,37.041,0.0,Colorado
-108.566,39.721,0.101969523,Colorado
-108.567,40.542,0.107924651,Colorado
-108.568,41.362,0.118111083,Colorado
-108.58,37.38,0.0,Colorado
-108.581,38.642,0.078617443,Colorado
-108.588,39.836,0.103187567,Colorado
-108.589,40.656,0.108718497,Colorado
-108.61,39.951,0.105668828,Colorado
-108.611,40.771,0.107942658,Colorado
-108.612,37.557,0.0,Colorado
-108.615,38.819,0.079392153,Colorado
-108.632,40.066,0.107135469,Colorado
-108.634,40.886,0.108684597,Colorado
-108.645,37.734,0.0,Colorado
-108.648,38.995,0.081471971,Colorado
-108.654,40.18,0.108140688,Colorado
-108.656,41.001,0.108574359,Colorado
-108.676,40.295,0.109144467,Colorado
-108.678,37.91,0.0,Colorado
-108.678,41.116,0.110412033,Colorado
-108.681,39.172,0.085372049,Colorado
-108.696,39.59,0.09856392,Colorado
-108.698,40.41,0.10976194,Colorado
-108.701,41.231,0.112757987,Colorado
-108.711,38.087,0.0,Colorado
-108.715,39.349,0.091787442,Colorado
-108.718,39.704,0.101104384,Colorado
-108.72,40.525,0.108248034,Colorado
-108.723,41.346,0.116661693,Colorado
-108.74,39.819,0.103546228,Colorado
-108.743,40.64,0.108858826,Colorado
-108.744,38.263,0.0,Colorado
-108.749,39.525,0.096896713,Colorado
-108.762,39.934,0.105203246,Colorado
-108.765,40.755,0.107923421,Colorado
-108.772,37.178,0.0,Colorado
-108.777,38.44,0.0,Colorado
-108.784,40.049,0.108119644,Colorado
-108.787,40.869,0.107692322,Colorado
-108.805,37.355,0.0,Colorado
-108.806,40.164,0.108778374,Colorado
-108.81,40.984,0.108667057,Colorado
-108.811,38.617,0.0,Colorado
-108.829,40.278,0.111045861,Colorado
-108.833,41.099,0.109405862,Colorado
-108.838,37.531,0.0,Colorado
-108.841,36.738,0.0,Colorado
-108.845,38.793,0.0,Colorado
-108.847,39.573,0.098139338,Colorado
-108.851,40.393,0.110472233,Colorado
-108.855,41.214,0.111719472,Colorado
-108.869,39.688,0.100251782,Colorado
-108.872,37.708,0.0,Colorado
-108.873,40.508,0.110018863,Colorado
-108.878,41.329,0.113886807,Colorado
-108.878,38.97,0.077984216,Colorado
-108.89,37.003,0.0,Colorado
-108.891,39.802,0.103605568,Colorado
-108.896,40.623,0.109212678,Colorado
-108.901,41.444,0.118126957,Colorado
-108.905,37.884,0.0,Colorado
-108.912,39.146,0.082281033,Colorado
-108.914,39.917,0.105031646,Colorado
-108.919,40.738,0.108832381,Colorado
-108.936,40.032,0.108318276,Colorado
-108.939,38.061,0.0,Colorado
-108.941,40.853,0.108027648,Colorado
-108.947,39.323,0.088759115,Colorado
-108.959,40.147,0.109748181,Colorado
-108.964,40.967,0.108190488,Colorado
-108.972,38.237,0.0,Colorado
-108.981,39.499,0.09524907,Colorado
-108.981,40.262,0.11144597,Colorado
-108.987,41.082,0.108271185,Colorado
-108.997,37.152,0.0,Colorado
-109.004,40.376,0.111314487,Colorado
-109.006,38.414,0.0,Colorado
-109.01,41.197,0.111133108,Colorado
-109.02,39.671,0.099161742,Colorado
-109.026,40.491,0.110894428,Colorado
-109.031,37.329,0.0,Colorado
-109.033,41.312,0.112342374,Colorado
-109.04,38.59,0.0,Colorado
-109.043,39.785,0.10190117,Colorado
-109.049,40.606,0.109563764,Colorado
-109.056,41.427,0.115760073,Colorado
-109.064,37.505,0.0,Colorado
-109.065,39.9,0.104038001,Colorado
-109.072,40.721,0.109355281,Colorado
-109.074,38.767,0.0,Colorado
-109.088,40.015,0.107390047,Colorado
-109.095,40.836,0.107835747,Colorado
-109.098,37.682,0.0,Colorado
-109.109,38.943,0.0,Colorado
-109.111,40.13,0.10923173,Colorado
-109.118,40.95,0.108285363,Colorado
-109.132,37.858,0.0,Colorado
-109.134,40.244,0.110935948,Colorado
-109.141,41.065,0.107713406,Colorado
-109.143,39.12,0.081046978,Colorado
-109.156,40.359,0.112133763,Colorado
-109.164,41.18,0.109323814,Colorado
-109.166,38.035,0.0,Colorado
-109.172,39.654,0.098737573,Colorado
-109.176,36.698,0.0,Colorado
-109.178,39.296,0.088607038,Colorado
-109.179,40.474,0.110405382,Colorado
-109.187,41.295,0.110514102,Colorado
-109.188,36.949,0.0,Colorado
-109.194,39.768,0.101710523,Colorado
-109.2,38.211,0.0,Colorado
-109.202,40.589,0.110653016,Colorado
-109.211,41.41,0.111643567,Colorado
-109.213,39.473,0.094106571,Colorado
-109.217,39.883,0.103697335,Colorado
-109.222,37.126,0.0,Colorado
-109.226,40.704,0.108682266,Colorado
-109.235,38.388,0.0,Colorado
-109.24,39.998,0.105984763,Colorado
-109.249,40.818,0.1077464,Colorado
-109.256,37.302,0.0,Colorado
-109.263,40.112,0.108251372,Colorado
-109.269,38.564,0.0,Colorado
-109.272,40.933,0.107701868,Colorado
-109.286,40.227,0.109825547,Colorado
-109.29,37.479,0.0,Colorado
-109.295,41.048,0.107146787,Colorado
-109.304,38.74,0.0,Colorado
-109.309,40.342,0.110905053,Colorado
-109.319,41.163,0.107302542,Colorado
-109.323,39.636,0.098610975,Colorado
-109.325,37.655,0.0,Colorado
-109.332,40.457,0.110229168,Colorado
-109.339,38.917,0.0,Colorado
-109.342,41.277,0.108943031,Colorado
-109.346,39.751,0.100587312,Colorado
-109.356,40.571,0.110056453,Colorado
-109.359,37.832,0.0,Colorado
-109.369,39.866,0.103355156,Colorado
-109.374,39.093,0.081634247,Colorado
-109.378,36.746,0.0,Colorado
-109.379,40.686,0.108415143,Colorado
-109.392,39.98,0.105376222,Colorado
-109.394,38.008,0.0,Colorado
-109.402,40.801,0.107041622,Colorado
-109.409,39.27,0.089605881,Colorado
-109.412,36.922,0.0,Colorado
-109.415,40.095,0.107960635,Colorado
-109.426,40.916,0.106464664,Colorado
-109.428,38.184,0.0,Colorado
-109.438,40.21,0.10807579,Colorado
-109.445,39.446,0.095146145,Colorado
-109.447,37.099,0.0,Colorado
-109.449,41.03,0.105862374,Colorado
-109.451,39.504,0.096344132,Colorado
-109.462,40.324,0.11032953,Colorado
-109.463,38.361,0.0,Colorado
-109.473,41.145,0.10594418,Colorado
-109.474,39.619,0.098669578,Colorado
-109.481,37.275,0.0,Colorado
-109.485,40.439,0.108988062,Colorado
-109.497,39.733,0.10026553,Colorado
-109.498,38.537,0.0,Colorado
